UPDATE sites SET site_logo='/mediacenter/media/images/60/logo/995_1421381368_72454b88ef8afa68.jpg',footercontent='<div>\r\n<div>\r\n<p>&nbsp;</p>\r\n\r\n<div>\r\n<p>Copyright © 2014 Công ty TNHH Kim Cương Ngọc Lan</p>\r\n\r\n<p>Giấy chứng nhận ĐKKD số 0311949878 do Sở Kế Hoạch và Đầu Tư HN cấp ngày 01/12/2012</p>\r\n</div>\r\n</div>\r\n</div>\r\n\r\n<div id=\"__if72ru4sdfsdfruh7fewui_once\" style=\"display:none;\">&nbsp;</div>\r\n\r\n<div id=\"__hggasdgjhsagd_once\" style=\"display:none;\">&nbsp;</div>\r\n' WHERE site_id=85;

INSERT INTO site_introduces (site_id,title,user_id, sortdesc, description, image_path, image_name, meta_keywords, meta_description, meta_title, created_time, modified_time) VALUES (85,122,'','','<p><span style=\"color:#B22222;\"><strong>GIỚI THIỆU</strong></span></p>\r\n\r\n<p>Từ xa xưa, trang sức đã luôn là biểu tượng của sự phú quý. Ngày nay trang sức vẫn giữ nguyên giá trị của mình, không những thế nó còn là biểu tượng của thời trang và đẳng cấp. Trang sức giúp cho người dùng thêm tự tin tỏa sáng trong mắt mọi người.</p>\r\n\r\n<p>Với sự phát triển không ngừng của xã hội, người tiêu dùng ngày càng trở lên tinh tế hơn trong việc lựa chọn trang sức để làm đẹp cho bản thân và hướng tới sự hoàn thiện. Hiểu được nhu cầu đó, Trang sức Ngọc Lan đã ra đời và không ngừng cải tiến, hoàn thiện các mẫu mã trang sức để đáp ứng mọi nhu cầu làm đẹp của khách hàng.</p>\r\n\r\n<p>Thương hiệu trang sức Ngọc Lan được khởi nguồn từ năm 1995 do Công ty TNHH thương mại vàng Ngọc Lan thành lập. Trang sức Ngọc Lan đã mang đến một phong cách hoàn toàn mới về thiết kế, công nghệ sản xuất hoàn chỉnh và chính sách bán hàng tiên phong góp phần vào sự phát triển của lĩnh vực trang sức Hà Nội nói riêng và trang sức Việt Nam nói chung.</p>\r\n\r\n<p>Gần 20 năm trên thị trường, trang sức Ngọc Lan hãnh diện là một trong những thương hiệu hàng đầu về trang sức, thỏa mãn được mọi nhu cầu làm đẹp của các quý bà, quý cô và các quý ông lịch lãm.</p>\r\n\r\n<p>&nbsp;</p>\r\n\r\n<p><span style=\"color:#B22222;\"><strong>SỨ MỆNH</strong></span></p>\r\n\r\n<p>Chúng tôi hiểu rằng khách hàng của mình là những người am hiểu trang sức và có gu thẩm mỹ cao, luôn say mê tìm kiếm những sản phẩm mới, độc đáo và sang trọng.</p>\r\n\r\n<p>Đáp ứng nhu cầu đó, trang sức Ngọc Lan luôn tiên phong trong sứ mệnh sáng tạo các tác phẩm có giá trị thẩm mỹ cao, mẫu mã phong phú, độc đáo và hợp thời trang.</p>\r\n\r\n<p>Với mong muốn mang đến cho khách hàng sản phẩm và dịch vụ tốt nhất, trang sức Ngọc Lan sẽ tư vấn cho khách hàng sản phẩm phù hợp , chế độ bảo hành vĩnh viễn, hệ thống cửa hàng tiện lợi và chăm sóc chu đáo, nhiệt tình</p>\r\n\r\n<p>&nbsp;</p>\r\n\r\n<p><span style=\"color:#B22222;\"><strong>MỤC TIÊU DÀI HẠN</strong></span></p>\r\n\r\n<p>Trang sức Ngọc Lan mong muốn trở thành một trong những nhà cung cấp trang sức hàng đầu và uy tín tại Việt Nam. Chúng tôi đã và đang nỗ lực hết mình để chinh phục khách hàng bằng chất lượng sản phẩm, mẫu mã độc đáo và phong phú cũng như phong cách phục vụ hoàn hảo. Đến với trang sức Ngọc Lan bạn sẽ được thỏa mãn mọi nhu cầu làm đẹp và hài lòng với dịch vụ của chúng tôi.</p>\r\n\r\n<p>&nbsp;</p>\r\n\r\n<p><span style=\"color:#B22222;\"><strong>HOẠT ĐỘNG CỘNG ĐỒNG</strong></span></p>\r\n\r\n<p>Không chỉ mang đến cho khách hàng sản phẩm – dịch vụ tốt nhất, trang sức Ngọc Lan còn thể hiện trách nhiệm xã hội của mình thông qua các hoạt động cộng đồng như:</p>\r\n\r\n<p>- Tham gia và giành HCV hội chợ nữ trang Việt Nam với sản phẩm \"Dòng thời gian\".</p>\r\n\r\n<p>- Góp sức tạo nên thành công của Truyền thông tiếp thị Việt Nam đón chào huyền thoại Marketing Phillip Kotler đến Việt Nam.</p>\r\n\r\n<p>- Tài trợ bạc của chương trình doanh nhân Việt Nam 2007.</p>\r\n\r\n<p>Trang sức Ngọc Lan sẽ còn nỗ lực hơn nữa để tham gia nhiều sự kiện và góp phần tích cực vào sự phát triển chung của xã hội.</p>\r\n\r\n<p>&nbsp;</p>\r\n\r\n<p><span style=\"color:#B22222;\"><strong>LỜI CẢM ƠN</strong></span></p>\r\n\r\n<p>Chúng tôi xin cảm ơn sự tin tưởng và ủng hộ của quý khách trong thời gian qua. Kính chúc quý khách sức khỏe và thịnh vượng</p>\r\n\r\n<p>Đến với trang sức Ngọc Lan, bạn sẽ cảm nhận rõ sự khác biệt và hài lòng</p>\r\n\r\n<p>&nbsp;</p>\r\n\r\n<p><span style=\"color:#B22222;\"><strong>HỆ THỐNG CỬA HÀNG</strong></span></p>\r\n\r\n<p>​<img alt=\"\" height=\"290\" src=\"http://trangsucngoclan.com/uploads/images/gioithieu/shop_hang%20bong1.jpg\" style=\"margin: 0px; padding: 0px; outline: 0px none; vertical-align: baseline; text-indent: 0px; font-size: 12px; font-family: Arial; list-style-type: none; border: 0px none; color: rgb(254, 254, 254); font-style: normal; font-variant: normal; font-weight: normal; letter-spacing: normal; line-height: normal; text-align: center; text-transform: none; white-space: normal; word-spacing: 0px; background: none repeat scroll 0% 0% transparent;\" width=\"476\" /></p>\r\n\r\n<p>Số 93 Hàng Bông, Quận Hoàn Kiếm, Hà Nội<br />\r\nĐT: 84 - 3 944 9259</p>\r\n','','','','','',1425296058,1425296058);

INSERT INTO maps (id,site_id, user_id, latlng, `name`, address, email, phone, website, headoffice, `order`, created_time, modified_time) VALUES (null,85,122,'21.03004,105.846668','CÔNG TY TNHH THƯƠNG MẠI VÀNG NGỌC LAN','93 Hàng Bông, Hoàn Kiếm, Hà Nội','','0919.718.538','kimcuongngoclan.vn',1,0,1425296058,1425296058);


INSERT INTO banner_groups (banner_group_id, banner_group_name, banner_group_description, site_id, user_id, width, height, created_time)  VALUES (null, 'Nhóm chính', 'các banner chính', '85', '122', '0', '386', '1425296058');
set @banner_groups111 = LAST_INSERT_ID();
INSERT INTO banner_groups (banner_group_id, banner_group_name, banner_group_description, site_id, user_id, width, height, created_time)  VALUES (null, 'Nhóm đối tác', 'đối tác', '85', '122', '0', '24', '1425296058');
set @banner_groups182 = LAST_INSERT_ID();


INSERT INTO banners (banner_id, site_id, banner_group_id, banner_name, banner_description, banner_src, banner_width, banner_height, banner_link, banner_type, banner_order, banner_rules, banner_target, created_time, banner_showall) VALUES 
(null, 85,@banner_groups111, 'Banner 1','','/mediacenter/media/files/60/banners/322_1421385809_57354b8a051260e6.jpg',0,386,'',1,1,'',0,1421385809,1),
(null, 85,@banner_groups111, 'Banner 2','','/mediacenter/media/files/60/banners/487_1421912854_56154c0ab165dd5a.jpg',0,386,'',1,0,'',0,1421912854,1);


INSERT INTO news_categories (cat_id, site_id, user_id, cat_parent, cat_name, `alias`, cat_order, cat_description, cat_countchild, image_path, image_name, `status`, created_time, modified_time, showinhome, meta_keywords, meta_description) VALUES (null,85,122,0,'Bản tin Ngọc Lan','ban-tin-ngoc-lan',24,'',0,'','',1,1425296058, 1425296058,0,'','');
set @news_categories263 = LAST_INSERT_ID();
INSERT INTO news_categories (cat_id, site_id, user_id, cat_parent, cat_name, `alias`, cat_order, cat_description, cat_countchild, image_path, image_name, `status`, created_time, modified_time, showinhome, meta_keywords, meta_description) VALUES (null,85,122,0,'Cẩm nang kim cương','cam-nang-kim-cuong',25,'',0,'','',1,1425296058, 1425296058,0,'','');
set @news_categories264 = LAST_INSERT_ID();
INSERT INTO news_categories (cat_id, site_id, user_id, cat_parent, cat_name, `alias`, cat_order, cat_description, cat_countchild, image_path, image_name, `status`, created_time, modified_time, showinhome, meta_keywords, meta_description) VALUES (null,85,122,0,'Cẩm nang trang sức','cam-nang-trang-suc',26,'',0,'','',1,1425296058, 1425296058,0,'','');
set @news_categories265 = LAST_INSERT_ID();
INSERT INTO news (news_id, news_category_id, news_title, news_sortdesc, news_desc, `alias`, `status`, meta_keywords, meta_description, site_id, user_id, image_path, image_name, created_time, modified_time, modified_by, news_hot, news_source, poster, publicdate) VALUES (null,@news_categories264,'So sánh nhẫn cưới bạch kim và vàng trắng','Xu hướng chọn nhẫn cưới màu trắng được đa số uyên ương hiện nay ưa chuộng thay vì chọn nhẫn vàng màu truyền thống. Vì sắc màu trắng dễ kết hợp quần áo, phù hợp với đa số nước da cũng như bàn tay của cô dâu chú rể. Uyên ương có thể cân nhắc chọn giữa nhẫn cưới bạch kim và nhẫn vàng trắng. Mỗi loại nhẫn đều có những đặc điểm nhất định, trong đó nhẫn bạch kim cao cấp hơn nhẫn làm từ vàng trắng.','<div>\r\n<p>Xu hướng chọn nhẫn cưới màu trắng được đa số uyên ương hiện nay ưa chuộng thay vì chọn nhẫn vàng màu truyền thống. Vì sắc màu trắng dễ kết hợp quần áo, phù hợp với đa số nước da cũng như bàn tay của cô dâu chú rể. Uyên ương có thể cân nhắc chọn giữa nhẫn cưới bạch kim và nhẫn vàng trắng. Mỗi loại nhẫn đều có những đặc điểm nhất định, trong đó nhẫn bạch kim cao cấp hơn nhẫn làm từ vàng trắng.</p>\r\n\r\n<p>1. Kim loại vàng và bạch kim</p>\r\n\r\n<p>- Nhẫn bạch kim (hay còn gọi là nhẫn Platinum) được làm từ bạch kim nguyên chất, không pha thêm các kim loại khác vào khi gia công. Bạch kim có giá trị cao hơn vàng nguyên chất từ 1,8 đến 2 lần.</p>\r\n\r\n<p>- Nhẫn vàng trắng (còn gọi là nhẫn White Gold) cũng có màu trắng sáng như bạch kim, nhưng được làm từ hợp kim vàng với một số kim loại quý khác nhau, sau đó được phủ lên một lớp kim loại Rhodium để tạo vẻ sáng bóng.&nbsp;</p>\r\n\r\n<p id=\"geom_inter_1422872936455_53_27\">2. Độ cứng và độ nặng</p>\r\n\r\n<p id=\"geom_inter_1422872936456_72_28\">- Nhẫn bạch kim có khối lượng cao hơn khoảng 50% so với nhẫn vàng trắng vì độ tinh chất cao, tỷ trọng lớn.</p>\r\n\r\n<p>- Nhẫn bạch kim thường ít bị méo hay biến dạng theo thời gian, va đập vì bạch kim cứng hơn vàng trắng.</p>\r\n\r\n<p>3. Sự bền đẹp</p>\r\n\r\n<p>- Nhẫn bạch kim vẫn giữ được màu sáng trắng sau nhiều năm sử dụng. Nếu thời gian sử dụng quá dài, bạn có thể đánh bóng lại chiếc nhẫn bạch kim và chúng sẽ sáng như mới.</p>\r\n\r\n<p>- Đối với nhẫn vàng trắng, sau quá trình sử dụng, nhẫn có thể bị ố màu, bị mờ, xỉn. Nếu muốn nhẫn bóng trở lại, bạn phải mang nhẫn đi phủ lại một lớp Rhodium trên bề mặt. Hiện nay các cửa hàng trang sức đều có dịch vụ làm sạch, phủ</p>\r\n</div>\r\n','so-sanh-nhan-cuoi-bach-kim-va-vang-trang',1,'','',85,122,'/media/images/60/news/ava/','697_1423566493_20854d9e69d4b355.jpg',1425296058, 1425296058,122,1,'','',1425296058);set @news306 = LAST_INSERT_ID();
INSERT INTO news (news_id, news_category_id, news_title, news_sortdesc, news_desc, `alias`, `status`, meta_keywords, meta_description, site_id, user_id, image_path, image_name, created_time, modified_time, modified_by, news_hot, news_source, poster, publicdate) VALUES (null,@news_categories265,'Nên chọn nhẫn cưới vàng trắng hay vàng tây?','Là hợp kim của vàng và một số kim loại màu khác, tùy theo hàm lượng vàng mà sẽ có nhiều loại vàng tây như vàng 9k, 10k, 14k, 18k, 24k… Ở Việt Nam thường dùng vàng 24k và 18k, đặc biệt vàng 18k ở Việt nam có 3 loại: Loại 75%, loại 70% và loại 68%, tùy theo yêu cầu của khách hàng.','<p>Là hợp kim của vàng và một số kim loại màu khác, tùy theo hàm lượng vàng mà sẽ có nhiều loại vàng tây như vàng 9k, 10k, 14k, 18k, 24k… Ở Việt Nam thường dùng vàng 24k và 18k, đặc biệt vàng 18k ở Việt nam có 3 loại: Loại 75%, loại 70% và loại 68%, tùy theo yêu cầu của khách hàng.</p>\r\n\r\n<p>- Vàng trắng:</p>\r\n\r\n<p>Là hợp kim của vàng và một số kim loại quý khác như nicken, mangan, paladium, sau đó được phủ một lớp kim loại Rhodium để tạo độ sáng bóng.&nbsp;&nbsp; nhẫn cưới&nbsp;vàng trắng có màu trắng sáng như bạch kim. Hiện nay trên thị trường thịnh hành 2 loại vàng trắng đó là vàng 14k (58,3%), 18k (75%) nhưng vàng 14k phổ biến hơn.</p>\r\n\r\n<p>2. Màu sắc</p>\r\n\r\n<p>- Vàng tây:</p>\r\n\r\n<p>Nhẫn cưới bằng vàng tây sau khi được chế tác có ánh vàng giống như vàng ta nhưng nhạt hơn do được pha thêm các kim loại khác. Bên cạnh đó, vàng tây thường theo xu hướng truyền thống nên cũng được khá nhiều cô dâu chú rể lựa chọn.</p>\r\n\r\n<p>- Vàng trắng:</p>\r\n\r\n<p>Trang sức vàng trắng có ánh k</p>\r\n','nen-chon-nhan-cuoi-vang-trang-hay-vang-tay',1,'','',85,122,'/media/images/60/news/ava/','339_1423566438_19154d9e666db47d.jpg',1425296058, 1425296058,122,1,'','',1425296058);set @news305 = LAST_INSERT_ID();
INSERT INTO news (news_id, news_category_id, news_title, news_sortdesc, news_desc, `alias`, `status`, meta_keywords, meta_description, site_id, user_id, image_path, image_name, created_time, modified_time, modified_by, news_hot, news_source, poster, publicdate) VALUES (null,@news_categories264,'Bảo quản nữ trang và đá quý','Nữ trang bằng bạc: Đặc tính của bạc là hút mồ hôi, đặc biệt là mồ hôi muối, đeo lâu ngày sẽ bị xuống màu. Do vậy, bạn nên thường xuyên làm sáng các đồ trang sức bạc bằng cách cho vào nồi inox nhỏ rồi đổ ngập nước. Sau đó, thêm một cục phèn chua đun sôi 10-15 phút, dùng đũa gắp ra cho vào nước xà phòng. Lấy bàn chải mềm chải sạch mọi góc cạnh. Rửa lại với nước ấm và lau khô bằng miếng vải mềm.','<p>Nữ trang bằng bạc:&nbsp;Đặc tính của bạc là hút mồ hôi, đặc biệt là mồ hôi muối, đeo lâu ngày sẽ bị xuống màu. Do vậy, bạn nên thường xuyên làm sáng các đồ trang sức bạc bằng cách cho vào nồi inox nhỏ rồi đổ ngập nước. Sau đó, thêm một cục phèn chua đun sôi 10-15 phút, dùng đũa gắp ra cho vào nước xà phòng. Lấy bàn chải mềm chải sạch mọi góc cạnh. Rửa lại với nước ấm và lau khô bằng miếng vải mềm.</p>\r\n\r\n<p>Vàng trắng:&nbsp;Có độ cứng cao hơn vàng đỏ nên ít bị hao mòn và biến dạng. Vì có màu trắng ngà cho nên khi gia công thành đồ trang sức thường phải phủ rhodium để tạo nên màu trắng sáng lấp lánh, gần giống như bạch kim. Do vậy, dùng một thời gian thường bị ngả màu. Để luôn được trắng đẹp, cứ 2 tháng nên mang đến tiệm vàng để tân trang, hoặc mạ rhodium lại.</p>\r\n\r\n<p><img alt=\"\" src=\"http://trangsucngoclan.com/uploads/images/c%C3%A1ch%20ch%E1%BB%8Dn%20kim%20c%C6%B0%C6%A1ng%20(7).jpg\" /></p>\r\n\r\n<p>Kim cương:&nbsp;Kim cương không thể bị mài mòn do các tác động bình thường vì nó có độ cứng rất cao, nhưng cần phải giữ sạch để được sáng vĩnh cửu. Ngâm trong nước xà phòng ẩm chừng 30 phút, sau đó rửa sạch dưới vòi nước đang chảy. Hoặc 6 tháng nên đem đến hiệu để lau rửa đồng thời kiểm tra xem viên kim cương còn nằm an toàn trong ổ hay không.</p>\r\n\r\n<p><img alt=\"\" src=\"http://trangsucngoclan.com/uploads/images/%C4%91%C3%A1%20topaz%20thi%C3%AAn%20nhi%C3%AAn%20(2).JPG\" /></p>\r\n\r\n<p>Trang sức có gắn các loại đá quý khác:&nbsp;Với trang sức có gắn các loại đá quý như rubi, saphia khi sử dụng nên tránh để chúng bị chà xát vào các vật cứng khác. Nếu đá bị xước hay có tì vết thì sẽ mất vẻ đẹp và giá trị. Thỉnh thoảng, bạn nên ngâm chúng vào nước xà phòng ấm rồi lau khô bằng vải mềm. Với trang sức có gắn ngọc trai, vì viên ngọc trai được bọc một lớp xà cừ, nên khi sử dụng tránh không để tiếp xúc với các loại hoá chất có thể bào mòn như vôi, keo xịt tóc… Tốt nhất là sau một thời gian sử dụng, bạn nên ngâm rửa ngọc trai bằng nước tinh khiết. Nên nhớ, không dùng bàn chải để chà viên ngọc.</p>\r\n','bao-quan-nu-trang-va-da-quy',1,'','',85,122,'/media/images/60/news/ava/','314_1423566395_41554d9e63b167ed.jpg',1425296058, 1425296058,122,1,'','',1425296058);set @news304 = LAST_INSERT_ID();
INSERT INTO news (news_id, news_category_id, news_title, news_sortdesc, news_desc, `alias`, `status`, meta_keywords, meta_description, site_id, user_id, image_path, image_name, created_time, modified_time, modified_by, news_hot, news_source, poster, publicdate) VALUES (null,@news_categories264,'Chọn nhẫn cưới theo mệnh đôi uyên ương','Hôn nhân là việc trọng đại của đời người, việc chọn cho mình người vợ hoặc người chồng phù hợp rất khó, và để sống cùng nhau hạnh phúc lại càng khó khăn hơn.','<div>\r\n<p>Hôn nhân là việc trọng đại của đời người, việc chọn cho mình người vợ hoặc người chồng phù hợp rất khó, và để sống cùng nhau hạnh phúc lại càng khó khăn hơn.</p>\r\n\r\n<p>Vì vậy, việc chọn cho mình một cặp nhẫn cưới phù hợp với vợ và chồng theo phong thủy hết sức quan trọng.</p>\r\n\r\n<p>Nhẫn thuộc mệnh kim</p>\r\n\r\n<p>Nhẫn cưới thuộc mệnh kim thường có hình dạng tròn, nhẫn trơn không có mặt lồi lên, nạm bằng đá quý. Trên thân nhẫn có thể gắn kết những viên đá quý hình tròn có màu vàng, trắng.</p>\r\n\r\n<p>Nhẫn phải được thiết kế đơn giản với màu trắng hoặc màu vàng và chất liệu thường làm từ vàng tây, bạch kim, bạc.Nhẫn thuộc hành kim hợp cho những người có mệnh cung thủy (cung khảm), mệnh cung kim (cung đoài, cung càn). Ngũ hành thuộc kim làm cho tình yêu thêm bền vững, tình nghĩa vợ chồng gắn kết lâu dài, lợi cho sự nghiệp, kinh doanh, buôn bán.</p>\r\n\r\n<p>Chiếc nhẫn cưới có ý nghĩa thiêng liêng đối với mỗi cặp uyên ương. Sự kết hợp giữa kim cương, vàng và bạch kim sẽ tạo nên vẻ đẹp độc đáo cho chiếc nhẫn này.</p>\r\n\r\n<p>Nhẫn thuộc mệnh mộc</p>\r\n\r\n<p>Nhẫn cưới thuộc mệnh mộc thường có hình dạng tròn được cách điệu với những nét uốn lượn, vặn chéo, hoặc cách điệu thành hình chữ nhật, nhẫn có mặt lồi lên được thiết kế thành hình tròn, bầu dục, hình chữ L, có nạm những viên đá quý màu xanh. Trên thân nhẫn có thể gắn kết những viên đá quý hình có màu xanh.</p>\r\n\r\n<p>Nhẫn thuộc hành mộc hợp cho những người mệnh cung hoả (cung ly), mệnh cung mộc ( cung chấn, cung tốn). Ngũ hành thuộc mộc làm cho tình yêu thêm chan hoà, tình cảm vợ chồng thêm những chia sẻ, thuận hòa, lợi cho con cái.</p>\r\n\r\n<p>Nhẫn thuộc mệnh thủy</p>\r\n\r\n<p>Nhẫn cưới thuộc mệnh thủy thường có hình dạng tròn được cách điệu với những nét uốn lượn, thân nhẫn mảnh khảnh, có thể dạng hình chữ S, nhẫn có mặt lồi lên được thiết kế thành hình tròn, bầu dục, có nạm những viên đá quý màu xanh biển, xanh đen, hoặc màu đen. Trên thân nhẫn có thể gắn kết những viên đá quý hình có màu xanh biển, xanh đen, màu đen.</p>\r\n\r\n<p>Nhẫn thuộc hành thủy hợp cho những người mệnh cung mộc (cung chấn, cung tốn), mệnh cung thủy (cung khảm). Ngũ hành thuộc thủy làm cho tình yêu thêm chan hoà, tình cảm vợ chồng thêm những chia sẻ, thuận hòa, lợi cho học vấn và sự nghiệp.</p>\r\n\r\n<p>Nhẫn thuộc mệnh hỏa</p>\r\n\r\n<p>Nhẫn cưới thuộc mệnh hỏa thường có hình dạng nhọn, được cách điệu với những nét nhô cao, thân nhẫn có thể cắt chéo các cạnh, có thể có dạng hình chữ V, nhẫn có mặt lồi lên được thiết kế thành hình tam giác, đa giác, có nạm những viên đá quý màu hồng, đỏ, tím, hoặc màu da cam. Trên thân nhẫn có thể gắn kết những viên đá quý hình có gam màu đỏ, tím, hồng, cam.</p>\r\n\r\n<p>Nhẫn thuộc hành hỏa hợp cho những người mệnh cung thổ (cung cấn, cung khôn), mệnh cung hỏa (cung ly). Ngũ hành thuộc hỏa làm cho tình yêu thêm nồng cháy, ấm áp, tình cảm vợ chồng thêm những chia sẻ, lợi cho danh tiếng.</p>\r\n\r\n<p>Nhẫn thuộc mệnh thổ</p>\r\n\r\n<p>Nhẫn cưới thuộc mệnh thổ thường có hình dạng vuông, được cách điệu với những nét vuông vắn, thân nhẫn có thể làm hình vuông, có thể có dạng hình chữ T, nhẫn có mặt lồi lên được thiết kế thành hình vuông, chữ nhật, có nạm những viên đá quý màu vàng, màu nâu. Trên thân nhẫn có thể gắn kết những viên đá quý có gam màu vàng, màu nâu.Nhẫn thuộc hành thổ hợp cho những người mệnh cung kim (cung đoài, cung càn), mệnh cung thổ (cung cấn, cung khôn). Ngũ hành thuộc thổ làm cho tình yêu thêm bền vững.</p>\r\n</div>\r\n','chon-nhan-cuoi-theo-menh-doi-uyen-uong',1,'','',85,122,'/media/images/60/news/ava/','4_1423566337_83954d9e601cef51.jpg',1425296058, 1425296058,122,1,'','',1425296058);set @news303 = LAST_INSERT_ID();


INSERT INTO posts (id, category_id, title, sortdesc, description, `alias`, `status`, meta_keywords, meta_description, site_id, user_id, image_path, image_name, created_time, modified_time, modified_by, publicdate) VALUES (null,0,'Biển tấm lớn trên Quốc lộ 2 Việt Trì','Quốc lộ 2 dài 312 km, chạy qua địa bàn năm tỉnh và thành phố: Hà Nội, Vĩnh Phúc, Phú Thọ, Tuyên Quang và Hà Giang. Chiều dài toàn tuyến là 315 km. Đoạn từ sân bay Nội Bài (Hà Nội) đến thành phố Vĩnh Yên còn được gọi là Quốc lộ 2A. Đoạn từ Vĩnh Yên đến thành phố Tuyên Quang và một ngả rẽ lên thị trấn Tam Đảo còn được gọi là Quốc lộ 2B. Đoạn từ thành phố Tuyên Quang đến cửa khẩu Thanh Thủy còn được gọi là Quốc lộ 2C.\r\n','<p>&nbsp;Biển được xây dựng bên cạnh đường cao tốc quốc lộ số 2 và cạnh tuyến đường sắt, thuộc phường Bạch Hạc, TP. Việt Trì. Bên phải đường theo hướng Hà Nội đi Yên Bái.</p>\r\n\r\n<p><object classid=\"clsid:d27cdb6e-ae6d-11cf-96b8-444553540000\" codebase=\"http://download.macromedia.com/pub/shockwave/cabs/flash/swflash.cab#version=6,0,40,0\" height=\"440\" hspace=\"100\" vspace=\"100\" width=\"660\"><param name=\"quality\" value=\"high\" /><param name=\"movie\" value=\"http://w3ni0006.web3nhat.net/data/media/53/flash/viet%20tri.swf\" /><embed height=\"440\" hspace=\"100\" pluginspage=\"http://www.macromedia.com/go/getflashplayer\" quality=\"high\" src=\"http://w3ni0006.web3nhat.net/data/media/53/flash/viet%20tri.swf\" type=\"application/x-shockwave-flash\" vspace=\"100\" width=\"660\"></embed></object></p>\r\n','bien-tam-lon-tren-quoc-lo-2-viet-tri',1,'','',85,122,'/media/images/53/post/ava/','557_1415507554_148545eee62abbd2.jpg',1425296058, 1425296058,122,1425296058);set @posts18 = LAST_INSERT_ID();
INSERT INTO posts (id, category_id, title, sortdesc, description, `alias`, `status`, meta_keywords, meta_description, site_id, user_id, image_path, image_name, created_time, modified_time, modified_by, publicdate) VALUES (null,0,'Biển tấm lớn trong bến xe Gia Lâm','Bến xe Gia Lâm là đầu mối giao thông quan trọng của các tỉnh phía bắc. Mật độ giao thông ở đây khoảng từ 10.000 - 13.000 lượt khách/ ngày, những ngày lễ lớn mật độ lên đến 13.000 - 15.000 lượt khách/ ngày. Hệ thống biển của chúng tôi ở đây gồm 2 vị trí, án ngữ hai bên cửa ra vào nhà chờ xe khách của bến. Biển được đặt ở vị trí trên cao, tầm nhìn tốt. \r\n','<p><object classid=\"clsid:d27cdb6e-ae6d-11cf-96b8-444553540000\" codebase=\"http://download.macromedia.com/pub/shockwave/cabs/flash/swflash.cab#version=6,0,40,0\" height=\"440\" hspace=\"100\" vspace=\"100\" width=\"660\"><param name=\"quality\" value=\"high\" /><param name=\"movie\" value=\"http://w3ni0006.web3nhat.net/data/media/53/flash/ben%20xe%20gia%20lam.swf\" /><embed height=\"440\" hspace=\"100\" pluginspage=\"http://www.macromedia.com/go/getflashplayer\" quality=\"high\" src=\"http://w3ni0006.web3nhat.net/data/media/53/flash/ben%20xe%20gia%20lam.swf\" type=\"application/x-shockwave-flash\" vspace=\"100\" width=\"660\"></embed></object></p>\r\n','bien-tam-lon-trong-ben-xe-gia-lam',1,'','',85,122,'/media/images/53/post/ava/','626_1415506854_247545eeba6d6f24.jpg',1425296058, 1425296058,122,1425296058);set @posts19 = LAST_INSERT_ID();
INSERT INTO posts (id, category_id, title, sortdesc, description, `alias`, `status`, meta_keywords, meta_description, site_id, user_id, image_path, image_name, created_time, modified_time, modified_by, publicdate) VALUES (null,0,'Biển tấm lớn trong bến xe Mỹ Đình','Bến xe Mỹ Đình được xây dựng cách nay hơn 10 năm, bình quân mỗi ngày có trên 11.000 lượt xe khách hoạt động. Nằm cạnh trục đường chính Phạm Hùng, số lượng hành khách ngày càng tăng, các phương tiện đưa đón khách cũng được bổ xng thường xuyên để đáp ứng đầy đủ nhu cầu đi lại của người dân.\r\n','<p style=\"text-align: justify;\">&nbsp;Hệ thông biển quảng cáo của Đông Quang tại đây gồm 11 biển, trong đó có 3 biển được lắp đặt phía trong nhà chờ xe ( biển số 9, 10, 11 ) và 8 biển được lắp đặt phía trước sân đỗ của bến xe, phía bên phải đường Phạm Hùng ( theo hướng Phạm Hùng - Nguyễn Xiển ).&nbsp;</p>\r\n\r\n<p style=\"text-align: justify;\"><object classid=\"clsid:d27cdb6e-ae6d-11cf-96b8-444553540000\" codebase=\"http://download.macromedia.com/pub/shockwave/cabs/flash/swflash.cab#version=6,0,40,0\" height=\"440\" hspace=\"100\" vspace=\"100\" width=\"660\"><param name=\"quality\" value=\"high\" /><param name=\"movie\" value=\"http://w3ni0006.web3nhat.net/data/media/53/flash/ben%2520xe%2520my%2520dinh.swf\" /><embed height=\"440\" hspace=\"100\" pluginspage=\"http://www.macromedia.com/go/getflashplayer\" quality=\"high\" src=\"http://w3ni0006.web3nhat.net/data/media/53/flash/ben%2520xe%2520my%2520dinh.swf\" type=\"application/x-shockwave-flash\" vspace=\"100\" width=\"660\"></embed></object></p>\r\n\r\n<p>&nbsp;</p>\r\n','bien-tam-lon-trong-ben-xe-my-dinh',1,'','',85,122,'/media/images/53/post/ava/','517_1415506174_383545ee8fe73e2d.jpg',1425296058, 1425296058,122,1425296058);set @posts20 = LAST_INSERT_ID();


INSERT INTO product_attribute_set (id, `name`, `code`, sort_order, site_id) VALUES (null,'Viên kim cương','vien-kim-cuong',1,85);
set @product_attribute_set3 = LAST_INSERT_ID();
INSERT INTO product_attribute_set (id, `name`, `code`, sort_order, site_id) VALUES (null,'Trang sức kim cương','trang-suc-kim-cuong',1,85);
set @product_attribute_set4 = LAST_INSERT_ID();

INSERT INTO product_categories (cat_id, site_id, attribute_set_id, cat_parent, cat_name, `alias`, cat_order, cat_description, cat_countchild, image_path, image_name, `status`, created_time, modified_time, showinhome, meta_keywords, meta_description) VALUES (null,85,@product_attribute_set3,0,'Viên Kim Cương','kim-cuong',1,'Kim cương',0,'','',1,1425296058, 1425296058,0,'','');
set @product_categories41 = LAST_INSERT_ID();
INSERT INTO product_categories (cat_id, site_id, attribute_set_id, cat_parent, cat_name, `alias`, cat_order, cat_description, cat_countchild, image_path, image_name, `status`, created_time, modified_time, showinhome, meta_keywords, meta_description) VALUES (null,85,@product_attribute_set4,0,'Nhẫn Kim Cương','nhan-kim-cuong',2,'Nhẫn Kim Cương',0,'','',1,1425296058, 1425296058,0,'','');
set @product_categories51 = LAST_INSERT_ID();
INSERT INTO product_categories (cat_id, site_id, attribute_set_id, cat_parent, cat_name, `alias`, cat_order, cat_description, cat_countchild, image_path, image_name, `status`, created_time, modified_time, showinhome, meta_keywords, meta_description) VALUES (null,85,@product_attribute_set4,0,'Lắc tay kim cương','lac-tay-kim-cuong',3,'',0,'','',1,1425296058, 1425296058,0,'','');
set @product_categories61 = LAST_INSERT_ID();
INSERT INTO product_categories (cat_id, site_id, attribute_set_id, cat_parent, cat_name, `alias`, cat_order, cat_description, cat_countchild, image_path, image_name, `status`, created_time, modified_time, showinhome, meta_keywords, meta_description) VALUES (null,85,@product_attribute_set4,0,'Nhẫn cưới','nhan-cuoi',4,'',0,'','',1,1425296058, 1425296058,0,'','');
set @product_categories71 = LAST_INSERT_ID();
INSERT INTO product_categories (cat_id, site_id, attribute_set_id, cat_parent, cat_name, `alias`, cat_order, cat_description, cat_countchild, image_path, image_name, `status`, created_time, modified_time, showinhome, meta_keywords, meta_description) VALUES (null,85,@product_attribute_set4,0,'Hoa tai','hoa-tai',5,'',0,'','',1,1425296058, 1425296058,1,'','');
set @product_categories81 = LAST_INSERT_ID();
INSERT INTO product_categories (cat_id, site_id, attribute_set_id, cat_parent, cat_name, `alias`, cat_order, cat_description, cat_countchild, image_path, image_name, `status`, created_time, modified_time, showinhome, meta_keywords, meta_description) VALUES (null,85,@product_attribute_set4,0,'Vòng tay','vong-tay',6,'',0,'','',1,1425296058, 1425296058,0,'','');
set @product_categories91 = LAST_INSERT_ID();
INSERT INTO product_categories (cat_id, site_id, attribute_set_id, cat_parent, cat_name, `alias`, cat_order, cat_description, cat_countchild, image_path, image_name, `status`, created_time, modified_time, showinhome, meta_keywords, meta_description) VALUES (null,85,@product_attribute_set4,0,'Lắc tay','lac-tay',7,'',0,'','',1,1425296058, 1425296058,1,'','');
set @product_categories10 = LAST_INSERT_ID();
INSERT INTO product_categories (cat_id, site_id, attribute_set_id, cat_parent, cat_name, `alias`, cat_order, cat_description, cat_countchild, image_path, image_name, `status`, created_time, modified_time, showinhome, meta_keywords, meta_description) VALUES (null,85,@product_attribute_set4,0,'Kim cương bộ','kim-cuong-bo',8,'',0,'','',1,1425296058, 1425296058,1,'','');
set @product_categories11 = LAST_INSERT_ID();
INSERT INTO product_categories (cat_id, site_id, attribute_set_id, cat_parent, cat_name, `alias`, cat_order, cat_description, cat_countchild, image_path, image_name, `status`, created_time, modified_time, showinhome, meta_keywords, meta_description) VALUES (null,85,@product_attribute_set4,0,'Dây chuyền & Mặt','day-chuyen--mat',9,'',0,'','',1,1425296058, 1425296058,1,'','');
set @product_categories12 = LAST_INSERT_ID();

INSERT INTO product (`id`, `attribute_set_id`, `name`, `code`, `alias`, `ishot`, `price`, `price_market`, `price_discount`, `price_discount_percent`, `avatar_id`, `avatar_path`, `avatar_name`, `unit`, `include_vat`, `quantity`, `position`, `product_category_id`, `category_track`, `status`, `state`, `created_user`, `created_time`, `modified_user`, `modified_time`, `site_id`, `meta_keywords`, `meta_description`, `meta_title`, `list_product_relate`, `isnew`, `cus_field1`, `cus_field2`, `cus_field3`, `cus_field4`, `cus_field5`, `cus_field6`, `cus_field7`, `cus_field8`, `cus_field9`, `cus_field10`, `cus_field11`, `cus_field12`, `cus_field13`, `cus_field14`, `cus_field15`, `cus_field16`, `cus_field17`, `cus_field18`, `cus_field19`, `cus_field20`, `cus_field21`, `cus_field22`, `cus_field23`, `cus_field24`, `cus_field25`, `cus_field26`, `cus_field27`, `cus_field28`, `cus_field29`, `cus_field30`, `cus_field31`, `cus_field32`, `cus_field33`, `cus_field34`, `cus_field35`, `cus_field36`, `cus_field37`, `cus_field38`) VALUES (null,null,'Kim cương Round, trọng lượng 2,00 carat (7 ly 96), nét cắt Very Good, màu sắc E, độ tinh khiết VVS2','R647122918P','kim-cuong-round-trong-luong-200-carat-7-ly-96-net-cat-very-good-mau-sac-e-do-tinh-khiet-vvs2',1,1033100032.00,1233100032.00,0.00,0,0,'/media/images/products/60/1/','94_1421660089_7154bccfb9b79e3.jpg','VND',0,0,0,@product_categories61,'61',1,0,122,1425296058,122,1425296058,85,'','','','',1,1090000004,0,1090000017,1090000024,1090000031,1090000037,1090000056,1090000048,0,0,0,0,0,0,0,0,0,60,0.0000,0.1500,0.0000,0.0000,0.0000,0.0000,0.0000,0.0000,0,0,0,0,2,0,0,0,0,0,0,0);
set @product20 = LAST_INSERT_ID();
INSERT INTO product (`id`, `attribute_set_id`, `name`, `code`, `alias`, `ishot`, `price`, `price_market`, `price_discount`, `price_discount_percent`, `avatar_id`, `avatar_path`, `avatar_name`, `unit`, `include_vat`, `quantity`, `position`, `product_category_id`, `category_track`, `status`, `state`, `created_user`, `created_time`, `modified_user`, `modified_time`, `site_id`, `meta_keywords`, `meta_description`, `meta_title`, `list_product_relate`, `isnew`, `cus_field1`, `cus_field2`, `cus_field3`, `cus_field4`, `cus_field5`, `cus_field6`, `cus_field7`, `cus_field8`, `cus_field9`, `cus_field10`, `cus_field11`, `cus_field12`, `cus_field13`, `cus_field14`, `cus_field15`, `cus_field16`, `cus_field17`, `cus_field18`, `cus_field19`, `cus_field20`, `cus_field21`, `cus_field22`, `cus_field23`, `cus_field24`, `cus_field25`, `cus_field26`, `cus_field27`, `cus_field28`, `cus_field29`, `cus_field30`, `cus_field31`, `cus_field32`, `cus_field33`, `cus_field34`, `cus_field35`, `cus_field36`, `cus_field37`, `cus_field38`) VALUES (null,null,'Kim cương Emerald,trọng lượng 0,16 carat (4 ly 31), màu sắc E, độ tinh khiết VVS2.','M657124283H','kim-cuong-emeraldtrong-luong-016-carat-4-ly-31-mau-sac-e-do-tinh-khiet-vvs2',1,4500000.00,5500000.00,0.00,0,0,'/media/images/products/60/1/','128_1421657935_80254bcc74fbcf14.jpg','VND',0,0,0,@product_categories81,'81',1,0,122,1425296058,122,1425296058,85,'','','','',0,1090000006,0,1090000017,0,1090000031,1090000037,1090000045,1090000049,0,0,0,0,0,0,0,0,0,70,0.0000,0.1600,0.0000,0.0000,0.0000,0.0000,0.0000,0.0000,0,0,0,0,2,0,0,0,0,0,0,0);
set @product19 = LAST_INSERT_ID();
INSERT INTO product (`id`, `attribute_set_id`, `name`, `code`, `alias`, `ishot`, `price`, `price_market`, `price_discount`, `price_discount_percent`, `avatar_id`, `avatar_path`, `avatar_name`, `unit`, `include_vat`, `quantity`, `position`, `product_category_id`, `category_track`, `status`, `state`, `created_user`, `created_time`, `modified_user`, `modified_time`, `site_id`, `meta_keywords`, `meta_description`, `meta_title`, `list_product_relate`, `isnew`, `cus_field1`, `cus_field2`, `cus_field3`, `cus_field4`, `cus_field5`, `cus_field6`, `cus_field7`, `cus_field8`, `cus_field9`, `cus_field10`, `cus_field11`, `cus_field12`, `cus_field13`, `cus_field14`, `cus_field15`, `cus_field16`, `cus_field17`, `cus_field18`, `cus_field19`, `cus_field20`, `cus_field21`, `cus_field22`, `cus_field23`, `cus_field24`, `cus_field25`, `cus_field26`, `cus_field27`, `cus_field28`, `cus_field29`, `cus_field30`, `cus_field31`, `cus_field32`, `cus_field33`, `cus_field34`, `cus_field35`, `cus_field36`, `cus_field37`, `cus_field38`) VALUES (null,null,'ko thuoc tinh nay','','ko-thuoc-tinh-nay',1,0.00,0.00,0.00,0,0,'','','VND',0,0,0,@product_categories41,'41',1,0,122,1425296058,122,1425296058,85,'','','','',0,0,0,0,0,0,0,0,0,0,0,0,0,0,0,0,0,0,50,0.0000,0.1500,0.0000,0.0000,0.0000,0.0000,0.0000,0.0000,0,0,0,0,0,0,0,0,0,0,0,0);
set @product14 = LAST_INSERT_ID();
INSERT INTO product (`id`, `attribute_set_id`, `name`, `code`, `alias`, `ishot`, `price`, `price_market`, `price_discount`, `price_discount_percent`, `avatar_id`, `avatar_path`, `avatar_name`, `unit`, `include_vat`, `quantity`, `position`, `product_category_id`, `category_track`, `status`, `state`, `created_user`, `created_time`, `modified_user`, `modified_time`, `site_id`, `meta_keywords`, `meta_description`, `meta_title`, `list_product_relate`, `isnew`, `cus_field1`, `cus_field2`, `cus_field3`, `cus_field4`, `cus_field5`, `cus_field6`, `cus_field7`, `cus_field8`, `cus_field9`, `cus_field10`, `cus_field11`, `cus_field12`, `cus_field13`, `cus_field14`, `cus_field15`, `cus_field16`, `cus_field17`, `cus_field18`, `cus_field19`, `cus_field20`, `cus_field21`, `cus_field22`, `cus_field23`, `cus_field24`, `cus_field25`, `cus_field26`, `cus_field27`, `cus_field28`, `cus_field29`, `cus_field30`, `cus_field31`, `cus_field32`, `cus_field33`, `cus_field34`, `cus_field35`, `cus_field36`, `cus_field37`, `cus_field38`) VALUES (null,null,'Kim cương Round, trọng lượng 0,18 carat (3 ly 64), nét cắt Ideal, màu sắc E, độ tinh khiết VS1','V053770209G','kim-cuong-round-trong-luong-018-carat-3-ly-64-net-cat-ideal-mau-sac-e-do-tinh-khiet-vs1',1,12600000.00,14600000.00,0.00,0,0,'/media/images/products/60/1/','470_1421661463_55654bcd517cffbd.png','VND',0,0,0,@product_categories41,'41',1,0,122,1425296058,122,1425296058,85,'','','','',1,1090000004,0,1090000017,1090000024,1090000032,1090000038,1090000045,1090000047,0,0,0,0,0,0,0,0,0,70,60.0000,0.1800,0.0000,0.0000,0.0000,0.0000,0.0000,112600000.0000,0,0,0,0,8,0,0,0,0,0,0,0);
set @product10 = LAST_INSERT_ID();
INSERT INTO product (`id`, `attribute_set_id`, `name`, `code`, `alias`, `ishot`, `price`, `price_market`, `price_discount`, `price_discount_percent`, `avatar_id`, `avatar_path`, `avatar_name`, `unit`, `include_vat`, `quantity`, `position`, `product_category_id`, `category_track`, `status`, `state`, `created_user`, `created_time`, `modified_user`, `modified_time`, `site_id`, `meta_keywords`, `meta_description`, `meta_title`, `list_product_relate`, `isnew`, `cus_field1`, `cus_field2`, `cus_field3`, `cus_field4`, `cus_field5`, `cus_field6`, `cus_field7`, `cus_field8`, `cus_field9`, `cus_field10`, `cus_field11`, `cus_field12`, `cus_field13`, `cus_field14`, `cus_field15`, `cus_field16`, `cus_field17`, `cus_field18`, `cus_field19`, `cus_field20`, `cus_field21`, `cus_field22`, `cus_field23`, `cus_field24`, `cus_field25`, `cus_field26`, `cus_field27`, `cus_field28`, `cus_field29`, `cus_field30`, `cus_field31`, `cus_field32`, `cus_field33`, `cus_field34`, `cus_field35`, `cus_field36`, `cus_field37`, `cus_field38`) VALUES (null,null,'Kim cương Round,trọng lượng 0,22 carat (3 ly 88), màu sắc E, nét cắt Ideal, độ tinh khiết VS1','U655781010S','kim-cuong-roundtrong-luong-022-carat-3-ly-88-mau-sac-e-net-cat-ideal-do-tinh-khiet-vs1',1,9500000.00,10500000.00,0.00,0,0,'/media/images/products/60/1/','299_1421657443_96054bcc5631b03f.jpg','VND',0,0,0,@product_categories41,'41',1,0,122,1425296058,122,1425296058,85,'','','','',1,0,0,0,0,0,0,0,0,0,0,0,0,0,0,0,0,0,90,80.0000,0.2200,0.0000,0.0000,0.0000,0.0000,0.0000,19500000.0000,0,0,0,0,0,0,0,0,0,0,0,0);
set @product9 = LAST_INSERT_ID();
INSERT INTO product (`id`, `attribute_set_id`, `name`, `code`, `alias`, `ishot`, `price`, `price_market`, `price_discount`, `price_discount_percent`, `avatar_id`, `avatar_path`, `avatar_name`, `unit`, `include_vat`, `quantity`, `position`, `product_category_id`, `category_track`, `status`, `state`, `created_user`, `created_time`, `modified_user`, `modified_time`, `site_id`, `meta_keywords`, `meta_description`, `meta_title`, `list_product_relate`, `isnew`, `cus_field1`, `cus_field2`, `cus_field3`, `cus_field4`, `cus_field5`, `cus_field6`, `cus_field7`, `cus_field8`, `cus_field9`, `cus_field10`, `cus_field11`, `cus_field12`, `cus_field13`, `cus_field14`, `cus_field15`, `cus_field16`, `cus_field17`, `cus_field18`, `cus_field19`, `cus_field20`, `cus_field21`, `cus_field22`, `cus_field23`, `cus_field24`, `cus_field25`, `cus_field26`, `cus_field27`, `cus_field28`, `cus_field29`, `cus_field30`, `cus_field31`, `cus_field32`, `cus_field33`, `cus_field34`, `cus_field35`, `cus_field36`, `cus_field37`, `cus_field38`) VALUES (null,null,'Kim cương Round,trọng lượng 0,19 carat (3 ly 73), màu sắc D, nét cắt Very Good, độ tinh khiết VS1','Z656328458D','kim-cuong-roundtrong-luong-019-carat-3-ly-73-mau-sac-d-net-cat-very-good-do-tinh-khiet-vs1',1,8800000.00,0.00,0.00,0,0,'/media/images/products/60/1/','59_1421657458_24554bcc57222f5c.jpg','VND',0,0,0,@product_categories41,'41',1,0,122,1425296058,122,1425296058,85,'','','','',0,1090000004,0,1090000016,1090000026,1090000030,1090000037,1090000043,1090000048,0,0,0,0,0,0,0,0,0,50,70.0000,0.1900,0.0000,0.0000,0.0000,0.0000,0.0000,18800000.0000,0,0,0,0,2,0,0,0,0,0,0,0);
set @product8 = LAST_INSERT_ID();
INSERT INTO product (`id`, `attribute_set_id`, `name`, `code`, `alias`, `ishot`, `price`, `price_market`, `price_discount`, `price_discount_percent`, `avatar_id`, `avatar_path`, `avatar_name`, `unit`, `include_vat`, `quantity`, `position`, `product_category_id`, `category_track`, `status`, `state`, `created_user`, `created_time`, `modified_user`, `modified_time`, `site_id`, `meta_keywords`, `meta_description`, `meta_title`, `list_product_relate`, `isnew`, `cus_field1`, `cus_field2`, `cus_field3`, `cus_field4`, `cus_field5`, `cus_field6`, `cus_field7`, `cus_field8`, `cus_field9`, `cus_field10`, `cus_field11`, `cus_field12`, `cus_field13`, `cus_field14`, `cus_field15`, `cus_field16`, `cus_field17`, `cus_field18`, `cus_field19`, `cus_field20`, `cus_field21`, `cus_field22`, `cus_field23`, `cus_field24`, `cus_field25`, `cus_field26`, `cus_field27`, `cus_field28`, `cus_field29`, `cus_field30`, `cus_field31`, `cus_field32`, `cus_field33`, `cus_field34`, `cus_field35`, `cus_field36`, `cus_field37`, `cus_field38`) VALUES (null,null,'Kim cương Round,trọng lượng 0,15 carat (3 ly 52), màu sắc E, nét cắt Very Good, độ tinh khiết VS1','Z556496925C','kim-cuong-roundtrong-luong-015-carat-3-ly-52-mau-sac-e-net-cat-very-good-do-tinh-khiet-vs1',1,6600000.00,0.00,0.00,0,0,'/media/images/products/60/1/','157_1421657470_93454bcc57e04827.jpg','VND',0,0,0,@product_categories41,'41',1,0,122,1425296058,122,1425296058,85,'','','','',0,1090000004,0,1090000017,1090000026,1090000032,1090000038,1090000045,1090000050,0,0,0,0,0,0,0,0,0,60,60.0000,0.1500,0.0000,0.0000,0.0000,0.0000,0.0000,16600000.0000,0,0,0,0,8,0,0,0,0,0,0,0);
set @product7 = LAST_INSERT_ID();

INSERT INTO product_attribute (`id`, `name`, `code`, `attribute_set_id`, `type`, `frontend_input`, `frontend_label`, `default_value`, `is_configurable`, `is_filterable`, `field_product`, `is_frontend`, `is_system`, `sort_order`, `site_id`) VALUES (null,'Shape','shape',@product_attribute_set3,'static','select','','4',1,1,1,1,0,1,85);
set @product_attribute10003 = LAST_INSERT_ID();
INSERT INTO product_attribute (`id`, `name`, `code`, `attribute_set_id`, `type`, `frontend_input`, `frontend_label`, `default_value`, `is_configurable`, `is_filterable`, `field_product`, `is_frontend`, `is_system`, `sort_order`, `site_id`) VALUES (null,'Carat','carat',@product_attribute_set3,'static','textnumber','','0.15',1,1,20,1,0,2,85);
set @product_attribute10004 = LAST_INSERT_ID();
INSERT INTO product_attribute (`id`, `name`, `code`, `attribute_set_id`, `type`, `frontend_input`, `frontend_label`, `default_value`, `is_configurable`, `is_filterable`, `field_product`, `is_frontend`, `is_system`, `sort_order`, `site_id`) VALUES (null,'Màu sắc','mau-sac',@product_attribute_set3,'static','select','','16',1,1,3,1,0,3,85);
set @product_attribute10005 = LAST_INSERT_ID();
INSERT INTO product_attribute (`id`, `name`, `code`, `attribute_set_id`, `type`, `frontend_input`, `frontend_label`, `default_value`, `is_configurable`, `is_filterable`, `field_product`, `is_frontend`, `is_system`, `sort_order`, `site_id`) VALUES (null,'Nét cắt','net-cat',@product_attribute_set3,'static','select','','',1,1,4,1,0,4,85);
set @product_attribute10006 = LAST_INSERT_ID();
INSERT INTO product_attribute (`id`, `name`, `code`, `attribute_set_id`, `type`, `frontend_input`, `frontend_label`, `default_value`, `is_configurable`, `is_filterable`, `field_product`, `is_frontend`, `is_system`, `sort_order`, `site_id`) VALUES (null,'Độ tinh khiết','do-tinh-khiet',@product_attribute_set3,'static','select','','',1,1,5,1,0,6,85);
set @product_attribute10007 = LAST_INSERT_ID();
INSERT INTO product_attribute (`id`, `name`, `code`, `attribute_set_id`, `type`, `frontend_input`, `frontend_label`, `default_value`, `is_configurable`, `is_filterable`, `field_product`, `is_frontend`, `is_system`, `sort_order`, `site_id`) VALUES (null,'Giấy kiểm định','giay-kiem-dinh',@product_attribute_set3,'static','select','','',1,1,6,1,0,8,85);
set @product_attribute10008 = LAST_INSERT_ID();
INSERT INTO product_attribute (`id`, `name`, `code`, `attribute_set_id`, `type`, `frontend_input`, `frontend_label`, `default_value`, `is_configurable`, `is_filterable`, `field_product`, `is_frontend`, `is_system`, `sort_order`, `site_id`) VALUES (null,'Đối Xứng','doi-xung',@product_attribute_set3,'static','select','','',1,1,7,1,0,10,85);
set @product_attribute10009 = LAST_INSERT_ID();
INSERT INTO product_attribute (`id`, `name`, `code`, `attribute_set_id`, `type`, `frontend_input`, `frontend_label`, `default_value`, `is_configurable`, `is_filterable`, `field_product`, `is_frontend`, `is_system`, `sort_order`, `site_id`) VALUES (null,'Độ bóng','do-bong',@product_attribute_set3,'static','select','','',1,1,8,1,0,12,85);
set @product_attribute10010 = LAST_INSERT_ID();
INSERT INTO product_attribute (`id`, `name`, `code`, `attribute_set_id`, `type`, `frontend_input`, `frontend_label`, `default_value`, `is_configurable`, `is_filterable`, `field_product`, `is_frontend`, `is_system`, `sort_order`, `site_id`) VALUES (null,'Phát quang','phat-quang',@product_attribute_set3,'static','multiselect','','',1,1,31,1,0,14,85);
set @product_attribute10011 = LAST_INSERT_ID();
INSERT INTO product_attribute (`id`, `name`, `code`, `attribute_set_id`, `type`, `frontend_input`, `frontend_label`, `default_value`, `is_configurable`, `is_filterable`, `field_product`, `is_frontend`, `is_system`, `sort_order`, `site_id`) VALUES (null,'Độ sâu','do-sau',@product_attribute_set3,'static','textnumber','','',1,1,19,1,0,16,85);
set @product_attribute10012 = LAST_INSERT_ID();
INSERT INTO product_attribute (`id`, `name`, `code`, `attribute_set_id`, `type`, `frontend_input`, `frontend_label`, `default_value`, `is_configurable`, `is_filterable`, `field_product`, `is_frontend`, `is_system`, `sort_order`, `site_id`) VALUES (null,'Độ rộng','do-rong',@product_attribute_set3,'static','textnumber','','50',1,1,18,1,0,18,85);
set @product_attribute10013 = LAST_INSERT_ID();
INSERT INTO product_attribute (`id`, `name`, `code`, `attribute_set_id`, `type`, `frontend_input`, `frontend_label`, `default_value`, `is_configurable`, `is_filterable`, `field_product`, `is_frontend`, `is_system`, `sort_order`, `site_id`) VALUES (null,'Vàng','vang',@product_attribute_set4,'static','multiselect','','',1,1,31,1,0,20,85);
set @product_attribute10014 = LAST_INSERT_ID();
INSERT INTO product_attribute (`id`, `name`, `code`, `attribute_set_id`, `type`, `frontend_input`, `frontend_label`, `default_value`, `is_configurable`, `is_filterable`, `field_product`, `is_frontend`, `is_system`, `sort_order`, `site_id`) VALUES (null,'Màu sắc','mau-sac',@product_attribute_set4,'static','multiselect','','',1,1,30,1,0,2,85);
set @product_attribute10015 = LAST_INSERT_ID();
INSERT INTO product_attribute (`id`, `name`, `code`, `attribute_set_id`, `type`, `frontend_input`, `frontend_label`, `default_value`, `is_configurable`, `is_filterable`, `field_product`, `is_frontend`, `is_system`, `sort_order`, `site_id`) VALUES (null,'Tổng trọng lượng','tong-trong-luong',@product_attribute_set4,'static','text','','',1,1,1,0,0,3,85);
set @product_attribute10016 = LAST_INSERT_ID();
INSERT INTO product_attribute (`id`, `name`, `code`, `attribute_set_id`, `type`, `frontend_input`, `frontend_label`, `default_value`, `is_configurable`, `is_filterable`, `field_product`, `is_frontend`, `is_system`, `sort_order`, `site_id`) VALUES (null,'Giá tiêu chuẩn','gia-tieu-chuan',@product_attribute_set3,'static','price','','',0,0,26,1,0,22,85);
set @product_attribute10017 = LAST_INSERT_ID();
INSERT INTO product_attribute (`id`, `name`, `code`, `attribute_set_id`, `type`, `frontend_input`, `frontend_label`, `default_value`, `is_configurable`, `is_filterable`, `field_product`, `is_frontend`, `is_system`, `sort_order`, `site_id`) VALUES (null,'Mã kiểm định','ma-kiem-dinh',@product_attribute_set3,'static','text','','',0,0,2,1,0,9,85);
set @product_attribute10018 = LAST_INSERT_ID();

INSERT INTO product_attribute_option (`id`, `attribute_id`, `index_key`, `sort_order`, `value`, `site_id`) VALUES (null,@product_attribute10003,1090000004,1,'Round',85);
INSERT INTO product_attribute_option (`id`, `attribute_id`, `index_key`, `sort_order`, `value`, `site_id`) VALUES (null,@product_attribute10003,1090000005,2,'Princess',85);
INSERT INTO product_attribute_option (`id`, `attribute_id`, `index_key`, `sort_order`, `value`, `site_id`) VALUES (null,@product_attribute10003,1090000006,3,'Emerad',85);
INSERT INTO product_attribute_option (`id`, `attribute_id`, `index_key`, `sort_order`, `value`, `site_id`) VALUES (null,@product_attribute10003,1090000007,4,'Radiant',85);
INSERT INTO product_attribute_option (`id`, `attribute_id`, `index_key`, `sort_order`, `value`, `site_id`) VALUES (null,@product_attribute10003,1090000008,5,'Oval',85);
INSERT INTO product_attribute_option (`id`, `attribute_id`, `index_key`, `sort_order`, `value`, `site_id`) VALUES (null,@product_attribute10003,1090000009,6,'Pear',85);
INSERT INTO product_attribute_option (`id`, `attribute_id`, `index_key`, `sort_order`, `value`, `site_id`) VALUES (null,@product_attribute10003,1090000010,7,'Marquise',85);
INSERT INTO product_attribute_option (`id`, `attribute_id`, `index_key`, `sort_order`, `value`, `site_id`) VALUES (null,@product_attribute10003,1090000011,8,'Heart',85);
INSERT INTO product_attribute_option (`id`, `attribute_id`, `index_key`, `sort_order`, `value`, `site_id`) VALUES (null,@product_attribute10003,1090000012,9,'Asscher',85);
INSERT INTO product_attribute_option (`id`, `attribute_id`, `index_key`, `sort_order`, `value`, `site_id`) VALUES (null,@product_attribute10003,1090000013,10,'Cushion',85);
INSERT INTO product_attribute_option (`id`, `attribute_id`, `index_key`, `sort_order`, `value`, `site_id`) VALUES (null,@product_attribute10004,1090000014,1,'0.15',85);
INSERT INTO product_attribute_option (`id`, `attribute_id`, `index_key`, `sort_order`, `value`, `site_id`) VALUES (null,@product_attribute10005,1090000016,1,'D',85);
INSERT INTO product_attribute_option (`id`, `attribute_id`, `index_key`, `sort_order`, `value`, `site_id`) VALUES (null,@product_attribute10005,1090000017,2,'E',85);
INSERT INTO product_attribute_option (`id`, `attribute_id`, `index_key`, `sort_order`, `value`, `site_id`) VALUES (null,@product_attribute10005,1090000018,3,'F',85);
INSERT INTO product_attribute_option (`id`, `attribute_id`, `index_key`, `sort_order`, `value`, `site_id`) VALUES (null,@product_attribute10005,1090000019,4,'G',85);
INSERT INTO product_attribute_option (`id`, `attribute_id`, `index_key`, `sort_order`, `value`, `site_id`) VALUES (null,@product_attribute10005,1090000020,5,'H',85);
INSERT INTO product_attribute_option (`id`, `attribute_id`, `index_key`, `sort_order`, `value`, `site_id`) VALUES (null,@product_attribute10005,1090000021,6,'I',85);
INSERT INTO product_attribute_option (`id`, `attribute_id`, `index_key`, `sort_order`, `value`, `site_id`) VALUES (null,@product_attribute10005,1090000022,7,'J',85);
INSERT INTO product_attribute_option (`id`, `attribute_id`, `index_key`, `sort_order`, `value`, `site_id`) VALUES (null,@product_attribute10005,1090000023,8,'K',85);
INSERT INTO product_attribute_option (`id`, `attribute_id`, `index_key`, `sort_order`, `value`, `site_id`) VALUES (null,@product_attribute10006,1090000024,1,'Lý tưởng',85);
INSERT INTO product_attribute_option (`id`, `attribute_id`, `index_key`, `sort_order`, `value`, `site_id`) VALUES (null,@product_attribute10006,1090000025,2,'Cao cấp',85);
INSERT INTO product_attribute_option (`id`, `attribute_id`, `index_key`, `sort_order`, `value`, `site_id`) VALUES (null,@product_attribute10006,1090000026,3,'Rất tốt',85);
INSERT INTO product_attribute_option (`id`, `attribute_id`, `index_key`, `sort_order`, `value`, `site_id`) VALUES (null,@product_attribute10006,1090000027,4,'Tốt',85);
INSERT INTO product_attribute_option (`id`, `attribute_id`, `index_key`, `sort_order`, `value`, `site_id`) VALUES (null,@product_attribute10006,1090000028,5,'Khá',85);
INSERT INTO product_attribute_option (`id`, `attribute_id`, `index_key`, `sort_order`, `value`, `site_id`) VALUES (null,@product_attribute10007,1090000029,1,'IF',85);
INSERT INTO product_attribute_option (`id`, `attribute_id`, `index_key`, `sort_order`, `value`, `site_id`) VALUES (null,@product_attribute10007,1090000030,2,'VVS1',85);
INSERT INTO product_attribute_option (`id`, `attribute_id`, `index_key`, `sort_order`, `value`, `site_id`) VALUES (null,@product_attribute10007,1090000031,3,'VVS2',85);
INSERT INTO product_attribute_option (`id`, `attribute_id`, `index_key`, `sort_order`, `value`, `site_id`) VALUES (null,@product_attribute10007,1090000032,4,'VS1',85);
INSERT INTO product_attribute_option (`id`, `attribute_id`, `index_key`, `sort_order`, `value`, `site_id`) VALUES (null,@product_attribute10007,1090000033,5,'VS2',85);
INSERT INTO product_attribute_option (`id`, `attribute_id`, `index_key`, `sort_order`, `value`, `site_id`) VALUES (null,@product_attribute10007,1090000034,6,'SI1',85);
INSERT INTO product_attribute_option (`id`, `attribute_id`, `index_key`, `sort_order`, `value`, `site_id`) VALUES (null,@product_attribute10007,1090000035,7,'SI2',85);
INSERT INTO product_attribute_option (`id`, `attribute_id`, `index_key`, `sort_order`, `value`, `site_id`) VALUES (null,@product_attribute10007,1090000036,8,'I',85);
INSERT INTO product_attribute_option (`id`, `attribute_id`, `index_key`, `sort_order`, `value`, `site_id`) VALUES (null,@product_attribute10008,1090000037,1,'GIA',85);
INSERT INTO product_attribute_option (`id`, `attribute_id`, `index_key`, `sort_order`, `value`, `site_id`) VALUES (null,@product_attribute10008,1090000038,2,'EGL',85);
INSERT INTO product_attribute_option (`id`, `attribute_id`, `index_key`, `sort_order`, `value`, `site_id`) VALUES (null,@product_attribute10008,1090000039,3,'IGI',85);
INSERT INTO product_attribute_option (`id`, `attribute_id`, `index_key`, `sort_order`, `value`, `site_id`) VALUES (null,@product_attribute10008,1090000040,4,'GIV',85);
INSERT INTO product_attribute_option (`id`, `attribute_id`, `index_key`, `sort_order`, `value`, `site_id`) VALUES (null,@product_attribute10008,1090000041,5,'PNJ',85);
INSERT INTO product_attribute_option (`id`, `attribute_id`, `index_key`, `sort_order`, `value`, `site_id`) VALUES (null,@product_attribute10008,1090000042,6,'HRD',85);
INSERT INTO product_attribute_option (`id`, `attribute_id`, `index_key`, `sort_order`, `value`, `site_id`) VALUES (null,@product_attribute10009,1090000043,1,'Ideal',85);
INSERT INTO product_attribute_option (`id`, `attribute_id`, `index_key`, `sort_order`, `value`, `site_id`) VALUES (null,@product_attribute10009,1090000044,2,'Excellent',85);
INSERT INTO product_attribute_option (`id`, `attribute_id`, `index_key`, `sort_order`, `value`, `site_id`) VALUES (null,@product_attribute10009,1090000045,3,'Very Good',85);
INSERT INTO product_attribute_option (`id`, `attribute_id`, `index_key`, `sort_order`, `value`, `site_id`) VALUES (null,@product_attribute10009,1090000046,4,'Good',85);
INSERT INTO product_attribute_option (`id`, `attribute_id`, `index_key`, `sort_order`, `value`, `site_id`) VALUES (null,@product_attribute10010,1090000047,1,'Ideal',85);
INSERT INTO product_attribute_option (`id`, `attribute_id`, `index_key`, `sort_order`, `value`, `site_id`) VALUES (null,@product_attribute10010,1090000048,2,'Excellent',85);
INSERT INTO product_attribute_option (`id`, `attribute_id`, `index_key`, `sort_order`, `value`, `site_id`) VALUES (null,@product_attribute10010,1090000049,3,'Very good',85);
INSERT INTO product_attribute_option (`id`, `attribute_id`, `index_key`, `sort_order`, `value`, `site_id`) VALUES (null,@product_attribute10010,1090000050,4,'Good',85);
INSERT INTO product_attribute_option (`id`, `attribute_id`, `index_key`, `sort_order`, `value`, `site_id`) VALUES (null,@product_attribute10011,2,1,'None',85);
INSERT INTO product_attribute_option (`id`, `attribute_id`, `index_key`, `sort_order`, `value`, `site_id`) VALUES (null,@product_attribute10011,4,2,'Faint',85);
INSERT INTO product_attribute_option (`id`, `attribute_id`, `index_key`, `sort_order`, `value`, `site_id`) VALUES (null,@product_attribute10011,8,3,'Medium',85);
INSERT INTO product_attribute_option (`id`, `attribute_id`, `index_key`, `sort_order`, `value`, `site_id`) VALUES (null,@product_attribute10011,16,4,'Strong',85);
INSERT INTO product_attribute_option (`id`, `attribute_id`, `index_key`, `sort_order`, `value`, `site_id`) VALUES (null,@product_attribute10010,1090000055,5,'Fair',85);
INSERT INTO product_attribute_option (`id`, `attribute_id`, `index_key`, `sort_order`, `value`, `site_id`) VALUES (null,@product_attribute10009,1090000056,5,'Fair',85);
INSERT INTO product_attribute_option (`id`, `attribute_id`, `index_key`, `sort_order`, `value`, `site_id`) VALUES (null,@product_attribute10014,2,1,'14k',85);
INSERT INTO product_attribute_option (`id`, `attribute_id`, `index_key`, `sort_order`, `value`, `site_id`) VALUES (null,@product_attribute10014,4,2,'18k',85);
INSERT INTO product_attribute_option (`id`, `attribute_id`, `index_key`, `sort_order`, `value`, `site_id`) VALUES (null,@product_attribute10015,2,1,'Trắng',85);
INSERT INTO product_attribute_option (`id`, `attribute_id`, `index_key`, `sort_order`, `value`, `site_id`) VALUES (null,@product_attribute10015,4,2,'Vàng',85);

INSERT INTO product_info (product_id, product_sortdesc, product_desc, dynamic_field, meta_title, meta_keywords, meta_description, list_product_relate, site_id) VALUES (@product7,'','','[{\"id\":10003,\"name\":\"Shape\",\"code\":\"shape\",\"index_key\":\"1090000004\",\"value\":\"1090000004\"},{\"id\":10004,\"name\":\"Carat\",\"code\":\"carat\",\"index_key\":0,\"value\":\"0.15\"},{\"id\":10005,\"name\":\"M\\u00e0u s\\u1eafc\",\"code\":\"mau-sac\",\"index_key\":\"1090000017\",\"value\":\"1090000017\"},{\"id\":10006,\"name\":\"N\\u00e9t c\\u1eaft\",\"code\":\"net-cat\",\"index_key\":\"1090000026\",\"value\":\"1090000026\"},{\"id\":10007,\"name\":\"\\u0110\\u1ed9 tinh khi\\u1ebft\",\"code\":\"do-tinh-khiet\",\"index_key\":\"1090000032\",\"value\":\"1090000032\"},{\"id\":10008,\"name\":\"Gi\\u1ea5y gi\\u00e1m \\u0111\\u1ecbnh\",\"code\":\"giay-giam-dinh\",\"index_key\":\"1090000038\",\"value\":\"1090000038\"},{\"id\":10009,\"name\":\"\\u0110\\u1ed1i X\\u1ee9ng\",\"code\":\"doi-xung\",\"index_key\":\"1090000045\",\"value\":\"1090000045\"},{\"id\":10010,\"name\":\"\\u0110\\u1ed9 b\\u00f3ng\",\"code\":\"do-bong\",\"index_key\":\"1090000050\",\"value\":\"1090000050\"},{\"id\":10011,\"name\":\"Ph\\u00e1t quang\",\"code\":\"phat-quang\",\"index_key\":[\"8\"],\"value\":[\"8\"]},{\"id\":10012,\"name\":\"\\u0110\\u1ed9 s\\u00e2u\",\"code\":\"do-sau\",\"index_key\":0,\"value\":\"60\"},{\"id\":10013,\"name\":\"\\u0110\\u1ed9 r\\u1ed9ng\",\"code\":\"do-rong\",\"index_key\":0,\"value\":\"60\"},{\"id\":10017,\"name\":\"Gi\\u00e1 ti\\u00eau chu\\u1ea9n\",\"code\":\"gia-tieu-chuan\",\"index_key\":0,\"value\":\"16600000\"}]','','','','',85);
INSERT INTO product_info (product_id, product_sortdesc, product_desc, dynamic_field, meta_title, meta_keywords, meta_description, list_product_relate, site_id) VALUES (@product8,'Viên kim cương Round, trọng lượng 0,20 carat (3 ly 84), nét cắt Very Good, màu sắc D, độ tinh khiết VS1, được giám định bởi GIA.','','[{\"id\":10003,\"name\":\"Shape\",\"code\":\"shape\",\"index_key\":\"1090000004\",\"value\":\"1090000004\"},{\"id\":10004,\"name\":\"Carat\",\"code\":\"carat\",\"index_key\":0,\"value\":\"0.19\"},{\"id\":10005,\"name\":\"M\\u00e0u s\\u1eafc\",\"code\":\"mau-sac\",\"index_key\":\"1090000016\",\"value\":\"1090000016\"},{\"id\":10006,\"name\":\"N\\u00e9t c\\u1eaft\",\"code\":\"net-cat\",\"index_key\":\"1090000026\",\"value\":\"1090000026\"},{\"id\":10007,\"name\":\"\\u0110\\u1ed9 tinh khi\\u1ebft\",\"code\":\"do-tinh-khiet\",\"index_key\":\"1090000030\",\"value\":\"1090000030\"},{\"id\":10008,\"name\":\"Gi\\u1ea5y gi\\u00e1m \\u0111\\u1ecbnh\",\"code\":\"giay-giam-dinh\",\"index_key\":\"1090000037\",\"value\":\"1090000037\"},{\"id\":10009,\"name\":\"\\u0110\\u1ed1i X\\u1ee9ng\",\"code\":\"doi-xung\",\"index_key\":\"1090000043\",\"value\":\"1090000043\"},{\"id\":10010,\"name\":\"\\u0110\\u1ed9 b\\u00f3ng\",\"code\":\"do-bong\",\"index_key\":\"1090000048\",\"value\":\"1090000048\"},{\"id\":10011,\"name\":\"Ph\\u00e1t quang\",\"code\":\"phat-quang\",\"index_key\":[\"2\"],\"value\":[\"2\"]},{\"id\":10012,\"name\":\"\\u0110\\u1ed9 s\\u00e2u\",\"code\":\"do-sau\",\"index_key\":0,\"value\":\"70\"},{\"id\":10013,\"name\":\"\\u0110\\u1ed9 r\\u1ed9ng\",\"code\":\"do-rong\",\"index_key\":0,\"value\":\"50\"},{\"id\":10017,\"name\":\"Gi\\u00e1 ti\\u00eau chu\\u1ea9n\",\"code\":\"gia-tieu-chuan\",\"index_key\":0,\"value\":\"18800000\"}]','','','','',85);
INSERT INTO product_info (product_id, product_sortdesc, product_desc, dynamic_field, meta_title, meta_keywords, meta_description, list_product_relate, site_id) VALUES (@product9,'','','[{\"id\":10003,\"name\":\"Shape\",\"code\":\"shape\",\"index_key\":\"\",\"value\":\"\"},{\"id\":10004,\"name\":\"Carat\",\"code\":\"carat\",\"index_key\":0,\"value\":\"0.22\"},{\"id\":10005,\"name\":\"M\\u00e0u s\\u1eafc\",\"code\":\"mau-sac\",\"index_key\":\"\",\"value\":\"\"},{\"id\":10006,\"name\":\"N\\u00e9t c\\u1eaft\",\"code\":\"net-cat\",\"index_key\":\"\",\"value\":\"\"},{\"id\":10007,\"name\":\"\\u0110\\u1ed9 tinh khi\\u1ebft\",\"code\":\"do-tinh-khiet\",\"index_key\":\"\",\"value\":\"\"},{\"id\":10008,\"name\":\"Gi\\u1ea5y gi\\u00e1m \\u0111\\u1ecbnh\",\"code\":\"giay-giam-dinh\",\"index_key\":\"\",\"value\":\"\"},{\"id\":10009,\"name\":\"\\u0110\\u1ed1i X\\u1ee9ng\",\"code\":\"doi-xung\",\"index_key\":\"\",\"value\":\"\"},{\"id\":10010,\"name\":\"\\u0110\\u1ed9 b\\u00f3ng\",\"code\":\"do-bong\",\"index_key\":\"\",\"value\":\"\"},{\"id\":10012,\"name\":\"\\u0110\\u1ed9 s\\u00e2u\",\"code\":\"do-sau\",\"index_key\":0,\"value\":\"80\"},{\"id\":10013,\"name\":\"\\u0110\\u1ed9 r\\u1ed9ng\",\"code\":\"do-rong\",\"index_key\":0,\"value\":\"90\"},{\"id\":10017,\"name\":\"Gi\\u00e1 ti\\u00eau chu\\u1ea9n\",\"code\":\"gia-tieu-chuan\",\"index_key\":0,\"value\":\"19500000\"}]','','','','',85);
INSERT INTO product_info (product_id, product_sortdesc, product_desc, dynamic_field, meta_title, meta_keywords, meta_description, list_product_relate, site_id) VALUES (@product10,'Viên kim cương Round, trọng lượng 0,18 carat (3 ly 64), nét cắt Ideal, màu sắc E, độ tinh khiết VS1, được giám định bởi GIA.','','[{\"id\":10003,\"name\":\"Shape\",\"code\":\"shape\",\"index_key\":\"1090000004\",\"value\":\"1090000004\"},{\"id\":10004,\"name\":\"Carat\",\"code\":\"carat\",\"index_key\":0,\"value\":\"0.18\"},{\"id\":10005,\"name\":\"M\\u00e0u s\\u1eafc\",\"code\":\"mau-sac\",\"index_key\":\"1090000017\",\"value\":\"1090000017\"},{\"id\":10006,\"name\":\"N\\u00e9t c\\u1eaft\",\"code\":\"net-cat\",\"index_key\":\"1090000024\",\"value\":\"1090000024\"},{\"id\":10007,\"name\":\"\\u0110\\u1ed9 tinh khi\\u1ebft\",\"code\":\"do-tinh-khiet\",\"index_key\":\"1090000032\",\"value\":\"1090000032\"},{\"id\":10008,\"name\":\"Gi\\u1ea5y gi\\u00e1m \\u0111\\u1ecbnh\",\"code\":\"giay-giam-dinh\",\"index_key\":\"1090000038\",\"value\":\"1090000038\"},{\"id\":10009,\"name\":\"\\u0110\\u1ed1i X\\u1ee9ng\",\"code\":\"doi-xung\",\"index_key\":\"1090000045\",\"value\":\"1090000045\"},{\"id\":10010,\"name\":\"\\u0110\\u1ed9 b\\u00f3ng\",\"code\":\"do-bong\",\"index_key\":\"1090000047\",\"value\":\"1090000047\"},{\"id\":10011,\"name\":\"Ph\\u00e1t quang\",\"code\":\"phat-quang\",\"index_key\":[\"8\"],\"value\":[\"8\"]},{\"id\":10012,\"name\":\"\\u0110\\u1ed9 s\\u00e2u\",\"code\":\"do-sau\",\"index_key\":0,\"value\":\"60\"},{\"id\":10013,\"name\":\"\\u0110\\u1ed9 r\\u1ed9ng\",\"code\":\"do-rong\",\"index_key\":0,\"value\":\"70\"},{\"id\":10017,\"name\":\"Gi\\u00e1 ti\\u00eau chu\\u1ea9n\",\"code\":\"gia-tieu-chuan\",\"index_key\":0,\"value\":\"112600000\"}]','','','','',85);
INSERT INTO product_info (product_id, product_sortdesc, product_desc, dynamic_field, meta_title, meta_keywords, meta_description, list_product_relate, site_id) VALUES (@product14,'','','[{\"id\":10003,\"name\":\"Shape\",\"code\":\"shape\",\"index_key\":\"\",\"value\":\"\"},{\"id\":10004,\"name\":\"Carat\",\"code\":\"carat\",\"index_key\":0,\"value\":\"0.15\"},{\"id\":10005,\"name\":\"M\\u00e0u s\\u1eafc\",\"code\":\"mau-sac\",\"index_key\":\"\",\"value\":\"\"},{\"id\":10006,\"name\":\"N\\u00e9t c\\u1eaft\",\"code\":\"net-cat\",\"index_key\":\"\",\"value\":\"\"},{\"id\":10007,\"name\":\"\\u0110\\u1ed9 tinh khi\\u1ebft\",\"code\":\"do-tinh-khiet\",\"index_key\":\"\",\"value\":\"\"},{\"id\":10008,\"name\":\"Gi\\u1ea5y gi\\u00e1m \\u0111\\u1ecbnh\",\"code\":\"giay-giam-dinh\",\"index_key\":\"\",\"value\":\"\"},{\"id\":10009,\"name\":\"\\u0110\\u1ed1i X\\u1ee9ng\",\"code\":\"doi-xung\",\"index_key\":\"\",\"value\":\"\"},{\"id\":10010,\"name\":\"\\u0110\\u1ed9 b\\u00f3ng\",\"code\":\"do-bong\",\"index_key\":\"\",\"value\":\"\"},{\"id\":10012,\"name\":\"\\u0110\\u1ed9 s\\u00e2u\",\"code\":\"do-sau\",\"index_key\":0,\"value\":\"\"},{\"id\":10013,\"name\":\"\\u0110\\u1ed9 r\\u1ed9ng\",\"code\":\"do-rong\",\"index_key\":0,\"value\":\"50\"}]','','','','',85);
INSERT INTO product_info (product_id, product_sortdesc, product_desc, dynamic_field, meta_title, meta_keywords, meta_description, list_product_relate, site_id) VALUES (@product19,'Viên kim cương Emerald, trọng lượng 0,16 carat (4 ly 31), màu sắc E, độ tinh khiết VVS2, được giám định bởi GIA.','','[{\"id\":10016,\"name\":\"T\\u1ed5ng tr\\u1ecdng l\\u01b0\\u1ee3ng\",\"code\":\"tong-trong-luong\",\"index_key\":0,\"value\":\"\"}]','','','','',85);
INSERT INTO product_info (product_id, product_sortdesc, product_desc, dynamic_field, meta_title, meta_keywords, meta_description, list_product_relate, site_id) VALUES (@product20,'Viên kim cương Round, trọng lượng 2,00 carat (7 ly 96), nét cắt Very Good, màu sắc E, độ tinh khiết VVS2, được giám định bởi GIA.','','[{\"id\":10003,\"name\":\"Shape\",\"code\":\"shape\",\"index_key\":\"1090000004\",\"value\":\"1090000004\"},{\"id\":10004,\"name\":\"Carat\",\"code\":\"carat\",\"index_key\":0,\"value\":\"0.15\"},{\"id\":10005,\"name\":\"M\\u00e0u s\\u1eafc\",\"code\":\"mau-sac\",\"index_key\":\"1090000017\",\"value\":\"1090000017\"},{\"id\":10006,\"name\":\"N\\u00e9t c\\u1eaft\",\"code\":\"net-cat\",\"index_key\":\"1090000024\",\"value\":\"1090000024\"},{\"id\":10007,\"name\":\"\\u0110\\u1ed9 tinh khi\\u1ebft\",\"code\":\"do-tinh-khiet\",\"index_key\":\"1090000031\",\"value\":\"1090000031\"},{\"id\":10008,\"name\":\"Gi\\u1ea5y gi\\u00e1m \\u0111\\u1ecbnh\",\"code\":\"giay-giam-dinh\",\"index_key\":\"1090000037\",\"value\":\"1090000037\"},{\"id\":10009,\"name\":\"\\u0110\\u1ed1i X\\u1ee9ng\",\"code\":\"doi-xung\",\"index_key\":\"1090000056\",\"value\":\"1090000056\"},{\"id\":10010,\"name\":\"\\u0110\\u1ed9 b\\u00f3ng\",\"code\":\"do-bong\",\"index_key\":\"1090000048\",\"value\":\"1090000048\"},{\"id\":10011,\"name\":\"Ph\\u00e1t quang\",\"code\":\"phat-quang\",\"index_key\":[\"2\"],\"value\":[\"2\"]},{\"id\":10012,\"name\":\"\\u0110\\u1ed9 s\\u00e2u\",\"code\":\"do-sau\",\"index_key\":0,\"value\":\"62,8\"},{\"id\":10013,\"name\":\"\\u0110\\u1ed9 r\\u1ed9ng\",\"code\":\"do-rong\",\"index_key\":0,\"value\":\"60\"}]','','','','',85);

INSERT INTO product_images (img_id, product_id, `name`, `path`, display_name, description, `alias`, site_id, user_id, height, width, created_time, modified_time) VALUES (null,@product10,'824_1421657404_72254bcc53ccfe7d.jpg','/media/images/products/60/1/','Round2.jpg','','round2jpg',85,122,216,300,1425296058,1425296058);
set @product_images3 = LAST_INSERT_ID();
INSERT INTO product_images (img_id, product_id, `name`, `path`, display_name, description, `alias`, site_id, user_id, height, width, created_time, modified_time) VALUES (null,@product10,'149_1421657404_45254bcc53c6ccf0.jpg','/media/images/products/60/1/','Round1.jpg','','round1jpg',85,122,216,300,1425296058,1425296058);
set @product_images4 = LAST_INSERT_ID();
INSERT INTO product_images (img_id, product_id, `name`, `path`, display_name, description, `alias`, site_id, user_id, height, width, created_time, modified_time) VALUES (null,@product9,'299_1421657443_96054bcc5631b03f.jpg','/media/images/products/60/1/','Round2.jpg','','round2jpg',85,122,216,300,1425296058,1425296058);
set @product_images5 = LAST_INSERT_ID();
INSERT INTO product_images (img_id, product_id, `name`, `path`, display_name, description, `alias`, site_id, user_id, height, width, created_time, modified_time) VALUES (null,@product9,'120_1421657442_28454bcc562aff91.jpg','/media/images/products/60/1/','Round1.jpg','','round1jpg',85,122,216,300,1425296058,1425296058);
set @product_images6 = LAST_INSERT_ID();
INSERT INTO product_images (img_id, product_id, `name`, `path`, display_name, description, `alias`, site_id, user_id, height, width, created_time, modified_time) VALUES (null,@product9,'463_1421657442_11654bcc56249e15.png','/media/images/products/60/1/','Round.png','','roundpng',85,122,258,360,1425296058,1425296058);
set @product_images7 = LAST_INSERT_ID();
INSERT INTO product_images (img_id, product_id, `name`, `path`, display_name, description, `alias`, site_id, user_id, height, width, created_time, modified_time) VALUES (null,@product8,'59_1421657458_24554bcc57222f5c.jpg','/media/images/products/60/1/','Round2.jpg','','round2jpg',85,122,216,300,1425296058,1425296058);
set @product_images8 = LAST_INSERT_ID();
INSERT INTO product_images (img_id, product_id, `name`, `path`, display_name, description, `alias`, site_id, user_id, height, width, created_time, modified_time) VALUES (null,@product8,'547_1421657457_17754bcc571c5d18.jpg','/media/images/products/60/1/','Round1.jpg','','round1jpg',85,122,216,300,1425296058,1425296058);
set @product_images9 = LAST_INSERT_ID();
INSERT INTO product_images (img_id, product_id, `name`, `path`, display_name, description, `alias`, site_id, user_id, height, width, created_time, modified_time) VALUES (null,@product8,'996_1421657457_49854bcc5716950a.png','/media/images/products/60/1/','Round.png','','roundpng',85,122,258,360,1425296058,1425296058);
set @product_images10 = LAST_INSERT_ID();
INSERT INTO product_images (img_id, product_id, `name`, `path`, display_name, description, `alias`, site_id, user_id, height, width, created_time, modified_time) VALUES (null,@product7,'118_1421657470_8154bcc57e57be6.jpg','/media/images/products/60/1/','Round2.jpg','','round2jpg',85,122,216,300,1425296058,1425296058);
set @product_images11 = LAST_INSERT_ID();
INSERT INTO product_images (img_id, product_id, `name`, `path`, display_name, description, `alias`, site_id, user_id, height, width, created_time, modified_time) VALUES (null,@product7,'157_1421657470_93454bcc57e04827.jpg','/media/images/products/60/1/','Round1.jpg','','round1jpg',85,122,216,300,1425296058,1425296058);
set @product_images12 = LAST_INSERT_ID();
INSERT INTO product_images (img_id, product_id, `name`, `path`, display_name, description, `alias`, site_id, user_id, height, width, created_time, modified_time) VALUES (null,@product7,'499_1421657469_5954bcc57da56aa.png','/media/images/products/60/1/','Round.png','','roundpng',85,122,258,360,1425296058,1425296058);
set @product_images13 = LAST_INSERT_ID();
INSERT INTO product_images (img_id, product_id, `name`, `path`, display_name, description, `alias`, site_id, user_id, height, width, created_time, modified_time) VALUES (null,@product19,'128_1421657935_80254bcc74fbcf14.jpg','/media/images/products/60/1/','Emerald2.jpg','','emerald2jpg',85,122,216,300,1425296058,1425296058);
set @product_images17 = LAST_INSERT_ID();
INSERT INTO product_images (img_id, product_id, `name`, `path`, display_name, description, `alias`, site_id, user_id, height, width, created_time, modified_time) VALUES (null,@product19,'37_1421657935_71054bcc74f6b6b1.jpg','/media/images/products/60/1/','Emerald1.jpg','','emerald1jpg',85,122,216,300,1425296058,1425296058);
set @product_images18 = LAST_INSERT_ID();
INSERT INTO product_images (img_id, product_id, `name`, `path`, display_name, description, `alias`, site_id, user_id, height, width, created_time, modified_time) VALUES (null,@product19,'319_1421657935_84054bcc74f1215c.png','/media/images/products/60/1/','Emerald.png','','emeraldpng',85,122,258,360,1425296058,1425296058);
set @product_images19 = LAST_INSERT_ID();
INSERT INTO product_images (img_id, product_id, `name`, `path`, display_name, description, `alias`, site_id, user_id, height, width, created_time, modified_time) VALUES (null,@product20,'486_1421660090_45354bccfba1677d.jpg','/media/images/products/60/1/','Round2.jpg','','round2jpg',85,122,216,300,1425296058,1425296058);
set @product_images20 = LAST_INSERT_ID();
INSERT INTO product_images (img_id, product_id, `name`, `path`, display_name, description, `alias`, site_id, user_id, height, width, created_time, modified_time) VALUES (null,@product20,'94_1421660089_7154bccfb9b79e3.jpg','/media/images/products/60/1/','Round1.jpg','','round1jpg',85,122,216,300,1425296058,1425296058);
set @product_images21 = LAST_INSERT_ID();
INSERT INTO product_images (img_id, product_id, `name`, `path`, display_name, description, `alias`, site_id, user_id, height, width, created_time, modified_time) VALUES (null,@product20,'961_1421660089_90454bccfb951594.png','/media/images/products/60/1/','Round.png','','roundpng',85,122,258,360,1425296058,1425296058);
set @product_images22 = LAST_INSERT_ID();
INSERT INTO product_images (img_id, product_id, `name`, `path`, display_name, description, `alias`, site_id, user_id, height, width, created_time, modified_time) VALUES (null,@product10,'470_1421661463_55654bcd517cffbd.png','/media/images/products/60/1/','Round.png','','roundpng',85,122,258,360,1425296058,1425296058);
set @product_images23 = LAST_INSERT_ID();

UPDATE product SET avatar_id=@product_images21 WHERE id=@product20;
UPDATE product SET avatar_id=@product_images17 WHERE id=@product19;
UPDATE product SET avatar_id=@product_images23 WHERE id=@product10;
UPDATE product SET avatar_id=@product_images5 WHERE id=@product9;
UPDATE product SET avatar_id=@product_images8 WHERE id=@product8;
UPDATE product SET avatar_id=@product_images12 WHERE id=@product7;


INSERT INTO categorypage (id, title, content, site_id, user_id, `alias`, created_time, modified_time, modified_by) VALUES (null,'Chính Sách Thu Đổi','<h3 style=\"text-align: center;\"><strong>Chính Sách Thu Đổi Sản Phẩm Kim Cương &amp; Sản Phẩm Nữ Trang Kim Cương&nbsp;<br />\r\ntại Ngọc Lan</strong></h3>\r\n\r\n<div style=\"padding: 0px 20px; margin: 0px; color: rgb(52, 52, 52); font-family: arial; line-height: 20px; text-align: justify; font-size: 13px; background-color: rgb(255, 255, 255);\">\r\n<div style=\"padding: 0px 0px 20px; margin: 0px; font-size: 14px; color: rgb(82, 82, 82); font-weight: bold;\">Nhằm đảm bảo quyền lợi người tiêu dùng, nâng cao chất lượng dịch vụ sau bán hàng, Công Ty<br style=\"padding: 0px; margin: 0px;\" />\r\nKim Cương &amp; Trang sức Ngọc Lan&nbsp;sẽ hỗ trợ Quý Khách trong việc thu đổi sản phẩm mới cùng loại theo đúng quy định dưới đây:</div>\r\n\r\n<div><span style=\"color:#B22222;\"><strong>I - Đối với sản phẩm kim cương</strong></span>\r\n\r\n<div style=\"padding: 0px 0px 10px; margin: 0px; color: rgb(118, 118, 118);\">- Sản phẩm kim cương khi đổi sang sản phẩm kim cương khác có giá trị tương đương hoặc lớn hơn thì giá sản phẩm<br style=\"padding: 0px; margin: 0px;\" />\r\n&nbsp; thu vào được tính 91% giá trị.<br style=\"padding: 0px; margin: 0px;\" />\r\n- Sản phẩm kim cương khi chúng tôi thu lại được tính 86% giá trị.</div>\r\n\r\n<center style=\"padding: 0px; margin: 0px;\">\r\n<table style=\"padding: 0px; margin: 0px; color: black; width: 465px; height: 85px; font-weight: bold; font-size: 12px; text-align: center; border-collapse: collapse;\">\r\n	<tbody style=\"padding: 0px; margin: 0px;\">\r\n		<tr style=\"padding: 0px; margin: 0px;\">\r\n			<td style=\"padding: 3px 0px; margin: 0px; border: 1px solid rgb(204, 204, 204); width: 355px; background-image: url(http://www.hungphatusa.vn/images/footer/returnpolice/bg_chinhsach.png);\">CHÍNH SÁCH THU ĐỔI</td>\r\n			<td style=\"padding: 0px; margin: 0px; border: 1px solid rgb(204, 204, 204); background-image: url(http://www.hungphatusa.vn/images/footer/returnpolice/bg_chinhsach.png);\">PHẦN TRĂM (%)</td>\r\n		</tr>\r\n		<tr style=\"padding: 0px; margin: 0px;\">\r\n			<td style=\"padding: 3px 0px 3px 20px; margin: 0px; border-right-width: 1px; border-right-style: solid; border-right-color: rgb(204, 204, 204); border-left-width: 1px; border-left-style: solid; border-left-color: rgb(204, 204, 204); text-align: left; background-color: rgb(255, 244, 245);\">Đổi Kim Cương có giá trị tương đương hoặc lớn hơn</td>\r\n			<td style=\"padding: 0px; margin: 0px; border-right-width: 1px; border-right-style: solid; border-right-color: rgb(204, 204, 204); background-color: rgb(255, 244, 245);\">91</td>\r\n		</tr>\r\n		<tr style=\"padding: 0px; margin: 0px;\">\r\n			<td style=\"padding: 3px 0px 3px 20px; margin: 0px; border-left-width: 1px; border-left-style: solid; border-left-color: rgb(204, 204, 204); border-bottom-width: 1px; border-bottom-style: solid; border-bottom-color: rgb(204, 204, 204); text-align: left; background-color: rgb(255, 250, 250);\">Thu vào Kim Cương</td>\r\n			<td style=\"padding: 0px; margin: 0px; border-bottom-width: 1px; border-bottom-style: solid; border-bottom-color: rgb(204, 204, 204); border-right-width: 1px; border-right-style: solid; border-right-color: rgb(204, 204, 204); border-left-width: 1px; border-left-style: solid; border-left-color: rgb(204, 204, 204); background-color: rgb(255, 250, 250);\">86</td>\r\n		</tr>\r\n	</tbody>\r\n</table>\r\n</center>\r\n</div>\r\n\r\n<div style=\"padding: 0px 0px 10px; margin: 0px;\">\r\n<p>&nbsp;</p>\r\n\r\n<p><span style=\"color:#B22222;\"><strong>II - Đối với sản phẩm trang sức</strong></span><br />\r\n<strong>1 - Sản phẩm trang sức vỏ xoàn đính kim cương</strong></p>\r\n\r\n<div style=\"padding: 10px 0px; margin: 0px; color: rgb(118, 118, 118);\">- Sản phẩm trang sức vỏ xoàn đính kim cương khi đổi sang sản phẩm khác cùng loại có giá trị tương đương hoặc lớn<br style=\"padding: 0px; margin: 0px;\" />\r\n&nbsp; hơn thì giá sản phẩm thu vào được tính 75% giá trị.<br style=\"padding: 0px; margin: 0px;\" />\r\n- Sản phẩm trang sức vỏ xoàn đính kim cương khi chúng tôi thu lại được tính 72% giá trị.</div>\r\n\r\n<center style=\"padding: 0px 0px 10px; margin: 0px;\">\r\n<table style=\"padding: 0px; margin: 0px; border-collapse: collapse; color: black; width: 465px; height: 85px; font-weight: bold; font-size: 12px; text-align: center;\">\r\n	<tbody style=\"padding: 0px; margin: 0px;\">\r\n		<tr style=\"padding: 0px; margin: 0px;\">\r\n			<td style=\"padding: 3px 0px; margin: 0px; border: 1px solid rgb(204, 204, 204); width: 355px; background-image: url(http://www.hungphatusa.vn/images/footer/returnpolice/bg_chinhsach.png);\">CHÍNH SÁCH THU ĐỔI</td>\r\n			<td style=\"padding: 0px; margin: 0px; border: 1px solid rgb(204, 204, 204); background-image: url(http://www.hungphatusa.vn/images/footer/returnpolice/bg_chinhsach.png);\">PHẦN TRĂM (%)</td>\r\n		</tr>\r\n		<tr style=\"padding: 0px; margin: 0px;\">\r\n			<td style=\"padding: 3px 0px 3px 20px; margin: 0px; border-right-width: 1px; border-right-style: solid; border-right-color: rgb(204, 204, 204); border-left-width: 1px; border-left-style: solid; border-left-color: rgb(204, 204, 204); text-align: left; background-color: rgb(255, 244, 245);\">Đổi sản phẩm trang sức vỏ xoàn đính kim cương&nbsp;<br style=\"padding: 0px; margin: 0px;\" />\r\n			có giá trị tương đương hoặc lớn hơn</td>\r\n			<td style=\"padding: 0px; margin: 0px; border-right-width: 1px; border-right-style: solid; border-right-color: rgb(204, 204, 204); background-color: rgb(255, 244, 245);\">75</td>\r\n		</tr>\r\n		<tr style=\"padding: 0px; margin: 0px;\">\r\n			<td style=\"padding: 3px 0px 3px 20px; margin: 0px; border-left-width: 1px; border-left-style: solid; border-left-color: rgb(204, 204, 204); border-bottom-width: 1px; border-bottom-style: solid; border-bottom-color: rgb(204, 204, 204); text-align: left; background-color: rgb(255, 250, 250);\">Thu vào sản phẩm trang sức vỏ xoàn đính kim cương</td>\r\n			<td style=\"padding: 0px; margin: 0px; border-bottom-width: 1px; border-bottom-style: solid; border-bottom-color: rgb(204, 204, 204); border-right-width: 1px; border-right-style: solid; border-right-color: rgb(204, 204, 204); border-left-width: 1px; border-left-style: solid; border-left-color: rgb(204, 204, 204); background-color: rgb(255, 250, 250);\">72</td>\r\n		</tr>\r\n	</tbody>\r\n</table>\r\n</center>\r\n\r\n<p>&nbsp;</p>\r\n\r\n<p><strong>2 - Sản phẩm trang sức vàng ý</strong></p>\r\n\r\n<div style=\"padding: 10px 0px; margin: 0px; color: rgb(118, 118, 118);\">- Sản phẩm trang sức vàng ý khi đổi sang sản phẩm khác cùng loại có giá trị tương đương hoặc lớn hơn thì giá&nbsp;<br style=\"padding: 0px; margin: 0px;\" />\r\n&nbsp; sản phẩm thu vào được tính 65% giá trị.<br style=\"padding: 0px; margin: 0px;\" />\r\n- Sản phẩm trang sức vàng ý khi chúng tôi thu lại được tính 60% giá trị.</div>\r\n\r\n<center style=\"padding: 0px 0px 10px; margin: 0px;\">\r\n<table style=\"padding: 0px; margin: 0px; border-collapse: collapse; text-align: center; color: black; width: 465px; height: 85px; font-weight: bold; font-size: 12px;\">\r\n	<tbody style=\"padding: 0px; margin: 0px;\">\r\n		<tr style=\"padding: 0px; margin: 0px;\">\r\n			<td style=\"padding: 3px 0px; margin: 0px; border: 1px solid rgb(204, 204, 204); width: 355px; background-image: url(http://www.hungphatusa.vn/images/footer/returnpolice/bg_chinhsach.png);\">CHÍNH SÁCH THU ĐỔI</td>\r\n			<td style=\"padding: 0px; margin: 0px; border: 1px solid rgb(204, 204, 204); background-image: url(http://www.hungphatusa.vn/images/footer/returnpolice/bg_chinhsach.png);\">PHẦN TRĂM (%)</td>\r\n		</tr>\r\n		<tr style=\"padding: 0px; margin: 0px;\">\r\n			<td style=\"padding: 3px 0px 3px 20px; margin: 0px; border-right-width: 1px; border-right-style: solid; border-right-color: rgb(204, 204, 204); border-left-width: 1px; border-left-style: solid; border-left-color: rgb(204, 204, 204); text-align: left; background-color: rgb(255, 244, 245);\">Đổi sản phẩm trang sức vàng ý có giá trị tương đương<br style=\"padding: 0px; margin: 0px;\" />\r\n			hoặc lớn hơn.</td>\r\n			<td style=\"padding: 0px; margin: 0px; border-right-width: 1px; border-right-style: solid; border-right-color: rgb(204, 204, 204); background-color: rgb(255, 244, 245);\">65</td>\r\n		</tr>\r\n		<tr style=\"padding: 0px; margin: 0px;\">\r\n			<td style=\"padding: 3px 0px 3px 20px; margin: 0px; border-left-width: 1px; border-left-style: solid; border-left-color: rgb(204, 204, 204); border-bottom-width: 1px; border-bottom-style: solid; border-bottom-color: rgb(204, 204, 204); text-align: left; background-color: rgb(255, 250, 250);\">Thu vào sản phẩm trang sức vàng ý</td>\r\n			<td style=\"padding: 0px; margin: 0px; border-bottom-width: 1px; border-bottom-style: solid; border-bottom-color: rgb(204, 204, 204); border-right-width: 1px; border-right-style: solid; border-right-color: rgb(204, 204, 204); border-left-width: 1px; border-left-style: solid; border-left-color: rgb(204, 204, 204); background-color: rgb(255, 250, 250);\">60</td>\r\n		</tr>\r\n	</tbody>\r\n</table>\r\n</center>\r\n\r\n<p>&nbsp;</p>\r\n\r\n<p><strong>3 - Sản phẩm trang sức gắn đá màu, các loại nữ trang khác</strong></p>\r\n\r\n<div style=\"padding: 10px 0px; margin: 0px; color: rgb(118, 118, 118);\">- Sản phẩm trang sức gắn đá màu, các loại nữ trang khác khi đổi sang sản phẩm khác cùng loại có giá trị tương<br style=\"padding: 0px; margin: 0px;\" />\r\n&nbsp; đương hoặc lớn hơn thì giá sản phẩm thu vào được tính 56% giá trị.<br style=\"padding: 0px; margin: 0px;\" />\r\n- Sản phẩm trang sức gắn đá màu, các loại nữ trang khi chúng tôi thu lại được tính 51% giá trị.</div>\r\n\r\n<center style=\"padding: 0px 0px 10px; margin: 0px;\">\r\n<table style=\"padding: 0px; margin: 0px; border-collapse: collapse; text-align: center; color: black; width: 465px; height: 85px; font-weight: bold; font-size: 12px;\">\r\n	<tbody style=\"padding: 0px; margin: 0px;\">\r\n		<tr style=\"padding: 0px; margin: 0px;\">\r\n			<td style=\"padding: 3px 0px; margin: 0px; border: 1px solid rgb(204, 204, 204); width: 355px; background-image: url(http://www.hungphatusa.vn/images/footer/returnpolice/bg_chinhsach.png);\">CHÍNH SÁCH THU ĐỔI</td>\r\n			<td style=\"padding: 0px; margin: 0px; border: 1px solid rgb(204, 204, 204); background-image: url(http://www.hungphatusa.vn/images/footer/returnpolice/bg_chinhsach.png);\">PHẦN TRĂM (%)</td>\r\n		</tr>\r\n		<tr style=\"padding: 0px; margin: 0px;\">\r\n			<td style=\"padding: 3px 0px 3px 20px; margin: 0px; border-right-width: 1px; border-right-style: solid; border-right-color: rgb(204, 204, 204); border-left-width: 1px; border-left-style: solid; border-left-color: rgb(204, 204, 204); text-align: left; background-color: rgb(255, 244, 245);\">Đổi sản phẩm trang sức gắn đá màu, các loại nữ trang&nbsp;<br style=\"padding: 0px; margin: 0px;\" />\r\n			có giá trị tương đương hoặc lớn hơn.</td>\r\n			<td style=\"padding: 0px; margin: 0px; border-right-width: 1px; border-right-style: solid; border-right-color: rgb(204, 204, 204); background-color: rgb(255, 244, 245);\">56</td>\r\n		</tr>\r\n		<tr style=\"padding: 0px; margin: 0px;\">\r\n			<td style=\"padding: 3px 0px 3px 20px; margin: 0px; border-left-width: 1px; border-left-style: solid; border-left-color: rgb(204, 204, 204); border-bottom-width: 1px; border-bottom-style: solid; border-bottom-color: rgb(204, 204, 204); text-align: left; background-color: rgb(255, 250, 250);\">Thu vào sản phẩm trang sức gắn đá màu, các loại nữ trang</td>\r\n			<td style=\"padding: 0px; margin: 0px; border-bottom-width: 1px; border-bottom-style: solid; border-bottom-color: rgb(204, 204, 204); border-right-width: 1px; border-right-style: solid; border-right-color: rgb(204, 204, 204); border-left-width: 1px; border-left-style: solid; border-left-color: rgb(204, 204, 204); background-color: rgb(255, 250, 250);\">51</td>\r\n		</tr>\r\n	</tbody>\r\n</table>\r\n</center>\r\n</div>\r\n\r\n<div><span style=\"color:#B22222;\"><strong>III - Điều kiện áp dụng</strong></span>\r\n\r\n<div style=\"padding: 0px; margin: 0px; color: rgb(118, 118, 118);\">- Sản phẩm phải còn nguyên vẹn, không bị vỡ, mẻ, nứt, trầy xước, ... và thị trường không có biến động mạnh.<br style=\"padding: 0px; margin: 0px;\" />\r\n- Trang sức phải còn nguyên vẹn, không biến dạng móp méo, không rớt hạt ...<br style=\"padding: 0px; margin: 0px;\" />\r\n- Khách hàng phải cung cấp được phiếu bán hàng và giấy kiểm định của chúng tôi đã phát hành.<br style=\"padding: 0px; margin: 0px;\" />\r\n- Khách hàng cần chuẩn bị giấy tờ tùy thân (CMND, Hộ chiếu, bằng lái xe) khi thực hiện thu đổi.<br style=\"padding: 0px; margin: 0px;\" />\r\n- Nếu quý khách không đủ điều kiện thì quyền quyết định thu đổi thuộc về Công Ty Kim Cương &amp; Trang sức Ngọc Lan</div>\r\n</div>\r\n\r\n<div style=\"padding: 0px; margin: 0px;\">\r\n<p>&nbsp;</p>\r\n\r\n<p><span style=\"color:#B22222;\">IV - Thời Gian &amp; Địa Điểm thực hiện thu đổi</span></p>\r\n\r\n<div style=\"padding: 0px; margin: 0px; color: rgb(118, 118, 118);\">- Quý khách liên hệ trực tiếp với Công Ty Kim Cương &amp; Trang sức NgọcLan &nbsp;&nbsp;để thực hiện việc thu đổi.&nbsp;<br style=\"padding: 0px; margin: 0px;\" />\r\n- Việc thu đổi được thực hiện tại địa chỉ: Số 93, Hàng Bông, Hà Nội,&nbsp;Việt Nam<br style=\"padding: 0px; margin: 0px;\" />\r\n- Thời gian làm việc: từ 12g đến 16g hằng ngày trừ Thứ Bảy, Chủ Nhật và ngày Lễ.</div>\r\n</div>\r\n\r\n<div style=\"padding: 0px; margin: 0px;\">\r\n<p>&nbsp;</p>\r\n\r\n<p><span style=\"color:#B22222;\"><strong>LƯU Ý:</strong></span></p>\r\n\r\n<div style=\"padding: 0px; margin: 0px; color: rgb(118, 118, 118);\">1. Đối với sản phẩm không phải do Công ty bán ra khi quý khách bán lại sẽ được mua theo thỏa thuận hoặc không mua lại. Khi bán lại khách hàng chịu mọi chi phí kiểm định chất lượng.<br style=\"padding: 0px; margin: 0px;\" />\r\n2. Đề nghị quý khách giữ phiếu bán hàng và giấy kiểm định để thuận tiện cho việc thu đổi. Nếu không còn chứng từ<br style=\"padding: 0px; margin: 0px;\" />\r\n&nbsp;&nbsp; Công ty sẽ không áp dụng theo quy chế hiện hành, mà sẽ mua lại theo thỏa thuận.<br style=\"padding: 0px; margin: 0px;\" />\r\n3. Chúng tôi không nhận bảo hành sản phẩm khi khách hàng không xuất trình được phiếu bán hàng và giấy kiểm định.<br style=\"padding: 0px; margin: 0px;\" />\r\n4. Chúng tôi không nhận bảo hành sản phẩm khi sản phẩm đã bị sửa chữa bởi đơn vị khác.</div>\r\n</div>\r\n</div>\r\n',85,122,'chinh-sach-thu-doi',1425296058,1425296058,122);
set @categorypage31 = LAST_INSERT_ID();
INSERT INTO categorypage (id, title, content, site_id, user_id, `alias`, created_time, modified_time, modified_by) VALUES (null,'Phương Thức Giao Hàng','<div><strong><span style=\"color:#B22222;\">I - Phương thức giao hàng</span></strong>\r\n<div style=\"padding: 10px 0px; margin: 0px; color: rgb(118, 118, 118);\">- Đơn hàng được xử lý và thông báo cho Quý Khách trong vòng 24 tiếng (trừ đơn hàng vào ngày chủ nhật sẽ được&nbsp;<br style=\"padding: 0px; margin: 0px;\" />\r\n&nbsp; thông báo vào thứ hai), Ngọc Lan sẽ sắp xếp thời gian giao hàng theo yêu cầu, chậm nhất không quá 3 tuần.<br style=\"padding: 0px; margin: 0px;\" />\r\n- Ngọc Lan sẽ chịu trách nhiệm đảm bảo cho Quý Khách nhận được hàng đúng quy cách và thời gian giao hàng&nbsp;<br style=\"padding: 0px; margin: 0px;\" />\r\n&nbsp; như cam kết.<br style=\"padding: 0px; margin: 0px;\" />\r\n- Đơn hàng sẽ tự hủy trong trường hợp thông tin liên lạc của Quý Khách không chính xác.\r\n<div style=\"padding: 10px 0px 0px; margin: 0px;\">- Với những đơn hàng trả tiền trước theo phương thức như:</div>\r\n\r\n<div style=\"padding: 10px 0px; margin: 0px 0px 0px 30px;\">Thanh toán bằng thẻ Visa, Master...<br style=\"padding: 0px; margin: 0px;\" />\r\nThanh toán chuyển khoản ngân hàng (khách hàng có thể bị mất phí).</div>\r\nNgọc Lan chỉ tiến hành gởi hàng đi sau khi nhận được thanh toán từ phía Quý Khách. Vì vậy để sớm nhận<br style=\"padding: 0px; margin: 0px;\" />\r\nđược hàng, Quý Khách vui lòng tiến hành thủ tục chuyển tiền sớm.</div>\r\n</div>\r\n\r\n<div><span style=\"color:#B22222;\"><strong>II - Vận chuyển</strong></span>\r\n\r\n<div style=\"padding: 10px 0px; margin: 0px; color: rgb(118, 118, 118);\">\r\n<p style=\"padding: 0px; margin: 0px;\"><span style=\"padding: 0px; margin: 0px; font-weight: bold; color: rgb(51, 51, 51);\">Nội thành Hà Nội</span>: Quý khách vui lòng nhận hàng tại Showroom của chúng tôi.</p>\r\n\r\n<p style=\"padding: 0px; margin: 0px;\"><span style=\"padding: 0px; margin: 0px; font-weight: bold; color: rgb(51, 51, 51);\">Ngoại thành Hà Nội&nbsp;</span>và&nbsp;<span style=\"padding: 0px; margin: 0px; font-weight: bold; color: rgb(0, 0, 0);\">các địa điểm khác</span>, Quý Khách vui lòng liên hệ với Ngọc Lan&nbsp; để có thông tin chi tiết.</p>\r\n</div>\r\n\r\n<center style=\"padding: 0px; margin: 0px;\">\r\n<table style=\"padding: 0px; margin: 0px; border-collapse: collapse; font-family: arial; color: black; width: 465px; height: 85px; font-weight: bold; font-size: 12px;\">\r\n	<tbody style=\"padding: 0px; margin: 0px;\">\r\n		<tr style=\"padding: 0px; margin: 0px;\">\r\n			<td style=\"padding: 3px 0px; margin: 0px; border: 1px solid rgb(204, 204, 204); width: 275px; background-image: url(http://www.hungphatusa.vn/images/footer/returnpolice/bg_chinhsach.png);\">ĐỊA ĐIỂM</td>\r\n			<td style=\"padding: 0px; margin: 0px; border: 1px solid rgb(204, 204, 204); background-image: url(http://www.hungphatusa.vn/images/footer/returnpolice/bg_chinhsach.png);\">VẬN CHUYỂN</td>\r\n		</tr>\r\n		<tr style=\"padding: 0px; margin: 0px;\">\r\n			<td style=\"padding: 3px 0px 3px 20px; margin: 0px; border-right-width: 1px; border-right-style: solid; border-right-color: rgb(204, 204, 204); border-left-width: 1px; border-left-style: solid; border-left-color: rgb(204, 204, 204); background-color: rgb(255, 244, 245);\">Nội thành Thành phố Hà Nội</td>\r\n			<td style=\"padding: 0px; margin: 0px; border-right-width: 1px; border-right-style: solid; border-right-color: rgb(204, 204, 204); background-color: rgb(255, 244, 245);\">NHẬN HÀNG TẠI SHOWROOM</td>\r\n		</tr>\r\n		<tr style=\"padding: 0px; margin: 0px;\">\r\n			<td style=\"padding: 3px 0px 3px 20px; margin: 0px; border-left-width: 1px; border-left-style: solid; border-left-color: rgb(204, 204, 204); background-color: rgb(255, 250, 250);\">Ngoại thành Thành phố Hà Nội</td>\r\n			<td style=\"padding: 0px; margin: 0px; border-left-width: 1px; border-left-style: solid; border-left-color: rgb(204, 204, 204); border-right-width: 1px; border-right-style: solid; border-right-color: rgb(204, 204, 204); background-color: rgb(255, 250, 250);\">(VUI LÒNG LIÊN HỆ)</td>\r\n		</tr>\r\n		<tr style=\"padding: 0px; margin: 0px;\">\r\n			<td style=\"padding: 3px 0px 3px 20px; margin: 0px; border-left-width: 1px; border-left-style: solid; border-left-color: rgb(204, 204, 204); border-bottom-width: 1px; border-bottom-style: solid; border-bottom-color: rgb(204, 204, 204); background-color: rgb(255, 244, 245);\">Những địa điểm khác</td>\r\n			<td style=\"padding: 0px; margin: 0px; border-bottom-width: 1px; border-bottom-style: solid; border-bottom-color: rgb(204, 204, 204); border-right-width: 1px; border-right-style: solid; border-right-color: rgb(204, 204, 204); border-left-width: 1px; border-left-style: solid; border-left-color: rgb(204, 204, 204); background-color: rgb(255, 244, 245);\">(VUI LÒNG LIÊN HỆ)</td>\r\n		</tr>\r\n	</tbody>\r\n</table>\r\n</center>\r\n\r\n<div style=\"padding: 10px 0px; margin: 0px; color: rgb(118, 118, 118);\">Trong quá trình giao dịch, nếu có những ý kiến thắc mắc về các sản phẩm, dịch vụ, hay phát hiện ra thiếu sót trong<br style=\"padding: 0px; margin: 0px;\" />\r\nnghiệp vụ, trong tác phong và tinh thần phục vụ, mong Quý Khách vui lòng phản ánh cho Hà Nội.</div>\r\n</div>\r\n\r\n<div style=\"padding: 10px 0px; margin: 0px; font-family: Arial, Helvetica, sans-serif; line-height: 20px; text-align: justify; color: rgb(118, 118, 118);\">Số điện thoại:&nbsp;<strong>(84-4)39449259</strong><br style=\"padding: 0px; margin: 0px;\" />\r\nGiờ làm việc:&nbsp;<span style=\"padding: 0px; margin: 0px; font-weight: bold; color: rgb(51, 51, 51);\">8:00 AM</span>&nbsp;đến&nbsp;<span style=\"padding: 0px; margin: 0px; font-weight: bold; color: rgb(51, 51, 51);\">5:30 PM</span>&nbsp;từ thứ Hai đến thứ Bảy.</div>\r\n',85,122,'phuong-thuc-giao-hang',1425296058,1425296058,122);
set @categorypage32 = LAST_INSERT_ID();
INSERT INTO categorypage (id, title, content, site_id, user_id, `alias`, created_time, modified_time, modified_by) VALUES (null,'Phương Thức Thanh Toán','<p>Nội dung đang được cập nhật...<br />\r\n&nbsp;</p>\r\n',85,122,'phuong-thuc-thanh-toan',1425296058,1425296058,122);
set @categorypage33 = LAST_INSERT_ID();
INSERT INTO categorypage (id, title, content, site_id, user_id, `alias`, created_time, modified_time, modified_by) VALUES (null,'Hướng Dẫn Mua Hàng','<p>Nội dung đang được cập nhật ...</p>\r\n',85,122,'huong-dan-mua-hang',1425296058,1425296058,122);
set @categorypage34 = LAST_INSERT_ID();
INSERT INTO categorypage (id, title, content, site_id, user_id, `alias`, created_time, modified_time, modified_by) VALUES (null,'Chính Sách Bảo Mật','<p>Nội dung đang được cập nhật...</p>\r\n',85,122,'chinh-sach-bao-mat',1425296058,1425296058,122);
set @categorypage35 = LAST_INSERT_ID();
INSERT INTO categorypage (id, title, content, site_id, user_id, `alias`, created_time, modified_time, modified_by) VALUES (null,'Quy Định Sử Dụng Website','<p>Nội dung đang được cập nhật</p>\r\n',85,122,'quy-dinh-su-dung-website',1425296058,1425296058,122);
set @categorypage36 = LAST_INSERT_ID();
INSERT INTO categorypage (id, title, content, site_id, user_id, `alias`, created_time, modified_time, modified_by) VALUES (null,'Bảo hành trọn đời','<p>Thông tin đang cập nhật ...</p>\r\n',85,122,'bao-hanh-tron-doi',1425296058,1425296058,122);
set @categorypage39 = LAST_INSERT_ID();
INSERT INTO categorypage (id, title, content, site_id, user_id, `alias`, created_time, modified_time, modified_by) VALUES (null,'Chương trình VIP','<p><strong>HỘI VIÊN VÀNG</strong></p>\r\n\r\n<ul>\r\n	<li>Miễn phí kiểm tra, làm sạch và đánh bóng bốn lần mỗi năm.</li>\r\n	<li>Nhận quà tặng tại các sự kiện thường niên VIP (chỉ dành riêng cho khách mời).</li>\r\n	<li>Nhận quà tặng vào ngày sinh nhật.</li>\r\n	<li>Quý khách sẽ được nhận thông tin về các sự kiện VIP và chương trình khuyến mãi đặc biệt.</li>\r\n	<li>Để bảo toàn ĐẲNG CẤP VÀNG, trị giá mua hàng tối thiểu 30.000.000 VND mỗi năm.</li>\r\n</ul>\r\n\r\n<p>&nbsp;</p>\r\n\r\n<p><strong>HỘI VIÊN BẠCH KIM</strong></p>\r\n\r\n<ul>\r\n	<li>Quý khách sẽ được GIẢM GIÁ 3% tại mỗi sự kiện VIP đối với tất cả các bộ sưu tập khuyến mãi, ngoại trừ SimonG, Ritani và Scott Kay.</li>\r\n	<li>Miễn phí kiểm tra, làm sạch và đánh bóng bốn lần mỗi năm.</li>\r\n	<li>Miễn phí vẽ mẫu 3D cho mọi kiểu nữ trang đặt hàng của quý khách.</li>\r\n	<li>Nhận quà tặng tại các sự kiện thường niên VIP.</li>\r\n	<li>Nhận quà tặng vào ngày sinh nhật.</li>\r\n	<li>Quý khách sẽ được nhận thông tin về các sự kiện VIP và chương trình khuyến mãi đặc biệt.</li>\r\n	<li>Để bảo toàn ĐẲNG CẤP BẠCH KIM, trị giá mua hàng tối thiểu 60.000.000 VND mỗi năm.</li>\r\n</ul>\r\n\r\n<p style=\"padding: 0px; margin: 0px; list-style: disc outside url(http://www.hungphatusa.vn/images/footer/security/line_red.png) !important;\">&nbsp;</p>\r\n\r\n<p><strong>HỘI VIÊN KIM CƯƠNG</strong></p>\r\n\r\n<ul>\r\n	<li>GIẢM GIÁ 3% cho tất cả nữ trang.</li>\r\n	<li>Miễn phí kiểm tra, làm sạch và đánh bóng bất cứ khi nào khách hàng có nhu cầu (tối đa 6 lần 1 năm).</li>\r\n	<li>Nhận quà tặng tại các sự kiện thường niên VIP.</li>\r\n	<li>Nhận quà tặng vào ngày sinh nhật.</li>\r\n	<li>Miễn phí vẽ mẫu 3D cho mọi kiểu nữ trang đặt hàng của quý khách_ 3 lần trong vòng 2 năm.</li>\r\n	<li>Quý khách sẽ nhận được PHIẾU MUA HÀNG trị giá1.000.000 VND.</li>\r\n	<li>Quý khách sẽ được nhận thông tin về các sự kiện VIP và chương trình khuyến mãi đặc biệt.</li>\r\n	<li>Để bảo toàn ĐẲNG CẤP KIM CƯƠNG, trị giá mua hàng tối thiểu 150.000.000 VND trước khi hết thời hạn sử dụng thẻ hiện tại.</li>\r\n</ul>\r\n',85,122,'chuong-trinh-vip',1425296058,1425296058,122);
set @categorypage40 = LAST_INSERT_ID();
INSERT INTO categorypage (id, title, content, site_id, user_id, `alias`, created_time, modified_time, modified_by) VALUES (null,'Câu Hỏi Thường Gặp','<p><strong>Khi mua một món nữ trang hoặc kim cương trên website kimcuongngoclan.vn thì khách hàng sẽ trả tiền bằng cách nào?</strong><br />\r\nĐối với các đơn đặt hàng trong nước và quốc tế, chúng tôi chấp nhận như sau:<br />\r\n&nbsp; • Thanh toán hóa đơn trực tuyến bằng cách sử dụng thẻ tín dụng (VISA, Master hoặc American Express)<br />\r\n&nbsp; • Chuyển khoản qua ngân hàng trực tiếp tài khoản của mình qua tài khoản của kimcuongngoclan.vn.</p>\r\n\r\n<p><br />\r\n<strong>Khi mua 1 viên hột xoàn từ website kimcuongngoclan.vn, làm sao mình có thể xác nhận chính xác đây là viên hột xoàn mình đã chọn trên website?</strong><br />\r\nKhi quý khách mua một viên hột xoàn từ website kimcuongngoclan.vn, chúng tôi sẽ kèm theo giấy chứng nhận GIA/IGI hoat EGL của viên hột xoàn đó. Ở trên viên hộ xoàn đó có khắc số và quý khách có thể so sánh số khắc trên viên hột xoàn với số ID trên giấy chứng nhận hột xoàn. Chúng tôi đàm bảo số ID trên viên hột xoàn sẽ giống với số ID ở trên giấy chứng nhận hột xoàn. Chúng tôi đã phục vụ hàng ngàn quý khách hàng khắp nơi hơn 10 năm vừa qua và 100% hột xoàn chúng tôi bán đúng theo giấy chứng nhận. Đồng thời, chúng tôi đảm bảo giá rẻ nhất trên thế giới!</p>\r\n\r\n<p>&nbsp;</p>\r\n\r\n<p><strong>kimcuongngoclan.vn có bảo đảm các viên kim cương có mức giá thấp nhất?</strong><br />\r\nkimcuongngoclan.vn có hơn 100,000 viên kim cương cho quý khách chọn và chúng tôi bảo đảm với giá thấp nhất. Nếu có bất kỳ cơ sở thương mại nào khác đưa ra một mức giá thấp hơn cho cùng 1 viên kim cương với mã số kiểm định từ các nhà chứng nhận kim cương hàng đầu trên thế giới, kimcuongngoclan.vn bảo đảm sẽ đưa ra một mức giá thấp hơn và sẽ tặng cho quý khách $100.</p>\r\n',85,122,'cau-hoi-thuong-gap',1425296058,1425296058,122);
set @categorypage41 = LAST_INSERT_ID();


INSERT INTO albums (album_id, album_name, album_description, album_type, photocount, `alias`, site_id, user_id, meta_keywords, meta_description, avatar_path, avatar_name, avatar_id, created_time, modified_time) VALUES (null,'Nhẫn đẹp','nhẫn',0,7,'nhan-dep',85,122,'','','/media/images/albums/60/97/','668_1423566164_62454d9e55416d36.jpg',49,1425296058,1425296058);
set @albums4 = LAST_INSERT_ID();


INSERT INTO images (img_id, album_id, `name`, `path`, display_name, description, `alias`, site_id, user_id, height, width, created_time, modified_time) VALUES (null,@albums4,'668_1423566164_62454d9e55416d36.jpg','/media/images/albums/60/97/','41ypKeOGb6L.jpg','','41ypkeogb6ljpg',85,122,450,450,1425296058,1425296058);
set @images49 = LAST_INSERT_ID();
INSERT INTO images (img_id, album_id, `name`, `path`, display_name, description, `alias`, site_id, user_id, height, width, created_time, modified_time) VALUES (null,@albums4,'981_1423566162_79054d9e552ba7b4.jpg','/media/images/albums/60/97/','41HpxuQwfPL.jpg','','41hpxuqwfpljpg',85,122,500,500,1425296058,1425296058);
set @images50 = LAST_INSERT_ID();
INSERT INTO images (img_id, album_id, `name`, `path`, display_name, description, `alias`, site_id, user_id, height, width, created_time, modified_time) VALUES (null,@albums4,'331_1423566160_42554d9e550d7aab.jpg','/media/images/albums/60/97/','41hnWtC6nEL.jpg','','41hnwtc6neljpg',85,122,500,500,1425296058,1425296058);
set @images51 = LAST_INSERT_ID();
INSERT INTO images (img_id, album_id, `name`, `path`, display_name, description, `alias`, site_id, user_id, height, width, created_time, modified_time) VALUES (null,@albums4,'762_1423566159_81854d9e54f1a4ff.jpg','/media/images/albums/60/97/','41fgJ95lfrL.jpg','','41fgj95lfrljpg',85,122,500,500,1425296058,1425296058);
set @images52 = LAST_INSERT_ID();
INSERT INTO images (img_id, album_id, `name`, `path`, display_name, description, `alias`, site_id, user_id, height, width, created_time, modified_time) VALUES (null,@albums4,'165_1423566156_3854d9e54cca711.jpg','/media/images/albums/60/97/','41CdqWYKwtL.jpg','','41cdqwykwtljpg',85,122,500,500,1425296058,1425296058);
set @images53 = LAST_INSERT_ID();
INSERT INTO images (img_id, album_id, `name`, `path`, display_name, description, `alias`, site_id, user_id, height, width, created_time, modified_time) VALUES (null,@albums4,'8_1423566154_21654d9e54a08c27.jpg','/media/images/albums/60/97/','41C0ZOSpajL.jpg','','41c0zospajljpg',85,122,500,500,1425296058,1425296058);
set @images54 = LAST_INSERT_ID();
INSERT INTO images (img_id, album_id, `name`, `path`, display_name, description, `alias`, site_id, user_id, height, width, created_time, modified_time) VALUES (null,@albums4,'278_1423566153_54254d9e5492178c.jpg','/media/images/albums/60/97/','41bp+evSm0L.jpg','','41bpevsm0ljpg',85,122,500,500,1425296058,1425296058);
set @images55 = LAST_INSERT_ID();

INSERT INTO menu_groups (menu_group_id, menu_group_name, menu_group_description, site_id, user_id, config, created_time, modified_time, modified_by, menu_group_type) VALUES (null,'Nhóm menu chính','Menu trên đầu',85,122,'',1425296058,1425296058,122,0);
set @menu_groups63 = LAST_INSERT_ID();
INSERT INTO menu_groups (menu_group_id, menu_group_name, menu_group_description, site_id, user_id, config, created_time, modified_time, modified_by, menu_group_type) VALUES (null,'Menu Top','menu top',85,122,'',1425296058,1425296058,122,0);
set @menu_groups99 = LAST_INSERT_ID();
INSERT INTO menu_groups (menu_group_id, menu_group_name, menu_group_description, site_id, user_id, config, created_time, modified_time, modified_by, menu_group_type) VALUES (null,'Menu Footer','footer',85,122,'',1425296058,1425296058,122,0);
set @menu_groups100 = LAST_INSERT_ID();

INSERT INTO menus (menu_id, site_id, user_id, menu_group, menu_title, parent_id, menu_linkto, menu_link, menu_basepath, menu_pathparams, menu_order, `alias`, `status`, menu_target, menu_values, background_path, background_name, description, created_time, modified_time, modified_by) VALUES (null,85,122,@menu_groups63,'Trang Chủ',0,1,'','','[]',1,'trang-chu',0,1,'{\"t\":1,\"oi\":1}','','','',1425296058,1425296058,122);
set @menus244 = LAST_INSERT_ID();
INSERT INTO menus (menu_id, site_id, user_id, menu_group, menu_title, parent_id, menu_linkto, menu_link, menu_basepath, menu_pathparams, menu_order, `alias`, `status`, menu_target, menu_values, background_path, background_name, description, created_time, modified_time, modified_by) VALUES (null,85,122,@menu_groups63,'Về Chúng Tôi',0,1,'','/site/site/introduce','[]',6,'ve-chung-toi',0,1,'{\"t\":1,\"oi\":3}','','','',1425296058,1425296058,122);
set @menus245 = LAST_INSERT_ID();
INSERT INTO menus (menu_id, site_id, user_id, menu_group, menu_title, parent_id, menu_linkto, menu_link, menu_basepath, menu_pathparams, menu_order, `alias`, `status`, menu_target, menu_values, background_path, background_name, description, created_time, modified_time, modified_by) VALUES (null,85,122,@menu_groups63,'Tin Tức',0,1,'','/news/news','[]',7,'tin-tuc',0,1,'{\"t\":1,\"oi\":8}','','','',1425296058,1425296058,122);
set @menus246 = LAST_INSERT_ID();
INSERT INTO menus (menu_id, site_id, user_id, menu_group, menu_title, parent_id, menu_linkto, menu_link, menu_basepath, menu_pathparams, menu_order, `alias`, `status`, menu_target, menu_values, background_path, background_name, description, created_time, modified_time, modified_by) VALUES (null,85,122,@menu_groups63,'Kim Cương',0,0,'http://kimcuong.totnhat.edu.vn/kim-cuong-pcs,41','/economy/product/category',CONCAT('{"id":',@product_categories41,',"alias":"kim-cuong"}'),2,'kim-cuong',1,1,CONCAT('{"t":4,"ot":6,"oi":',@product_categories41,'}'),'','','',1425296058,1425296058,122);
set @menus247 = LAST_INSERT_ID();
INSERT INTO menus (menu_id, site_id, user_id, menu_group, menu_title, parent_id, menu_linkto, menu_link, menu_basepath, menu_pathparams, menu_order, `alias`, `status`, menu_target, menu_values, background_path, background_name, description, created_time, modified_time, modified_by) VALUES (null,85,122,@menu_groups63,'Nhẫn kim cương',0,1,'','/economy/product/category',CONCAT('{"id":',@product_categories51,',"alias":"nhan-kim-cuong"}'),3,'nhan-kim-cuong',1,1,CONCAT('{"t":4,"ot":6,"oi":',@product_categories51,'}'),'','','',1425296058,1425296058,122);
set @menus248 = LAST_INSERT_ID();
INSERT INTO menus (menu_id, site_id, user_id, menu_group, menu_title, parent_id, menu_linkto, menu_link, menu_basepath, menu_pathparams, menu_order, `alias`, `status`, menu_target, menu_values, background_path, background_name, description, created_time, modified_time, modified_by) VALUES (null,85,122,@menu_groups63,'Liên Hệ',0,1,'','/site/site/contact','[]',7,'lien-he',0,1,'{\"t\":1,\"oi\":2}','','','',1425296058,1425296058,122);
set @menus249 = LAST_INSERT_ID();
INSERT INTO menus (menu_id, site_id, user_id, menu_group, menu_title, parent_id, menu_linkto, menu_link, menu_basepath, menu_pathparams, menu_order, `alias`, `status`, menu_target, menu_values, background_path, background_name, description, created_time, modified_time, modified_by) VALUES (null,85,122,@menu_groups99,'Hotline: <span style=\"color:#e00000\">0919.718.538</span> (8h đến 21h)',0,1,'','','',1,'hotline-span-stylecolore000000919718538span-8h-den-21h',1,1,'{\"t\":1,\"oi\":0}','','','',1425296058,1425296058,122);
set @menus491 = LAST_INSERT_ID();
INSERT INTO menus (menu_id, site_id, user_id, menu_group, menu_title, parent_id, menu_linkto, menu_link, menu_basepath, menu_pathparams, menu_order, `alias`, `status`, menu_target, menu_values, background_path, background_name, description, created_time, modified_time, modified_by) VALUES (null,85,122,@menu_groups99,' Chính sách thu đổi',0,1,'','/page/category/detail',CONCAT('{"id":',@categorypage31,',"alias":"chinh-sach-thu-doi"}'),2,'chinh-sach-thu-doi',1,1,CONCAT('{"t":3,"oi":',@categorypage31,'}'),'','','',1425296058,1425296058,122);
set @menus492 = LAST_INSERT_ID();
INSERT INTO menus (menu_id, site_id, user_id, menu_group, menu_title, parent_id, menu_linkto, menu_link, menu_basepath, menu_pathparams, menu_order, `alias`, `status`, menu_target, menu_values, background_path, background_name, description, created_time, modified_time, modified_by) VALUES (null,85,122,@menu_groups99,'Giao hàng tận nơi',0,1,'','/page/category/detail',CONCAT('{"id":',@categorypage32,',"alias":"phuong-thuc-giao-hang"}'),3,'giao-hang-tan-noi',1,1,CONCAT('{"t":3,"oi":',@categorypage32,'}'),'','','',1425296058,1425296058,122);
set @menus493 = LAST_INSERT_ID();
INSERT INTO menus (menu_id, site_id, user_id, menu_group, menu_title, parent_id, menu_linkto, menu_link, menu_basepath, menu_pathparams, menu_order, `alias`, `status`, menu_target, menu_values, background_path, background_name, description, created_time, modified_time, modified_by) VALUES (null,85,122,@menu_groups99,' Bảo hành trọn đời',0,1,'','/page/category/detail',CONCAT('{"id":',@categorypage39,',"alias":"bao-hanh-tron-doi"}'),4,'bao-hanh-tron-doi',1,1,CONCAT('{"t":3,"oi":',@categorypage39,'}'),'','','',1425296058,1425296058,122);
set @menus494 = LAST_INSERT_ID();
INSERT INTO menus (menu_id, site_id, user_id, menu_group, menu_title, parent_id, menu_linkto, menu_link, menu_basepath, menu_pathparams, menu_order, `alias`, `status`, menu_target, menu_values, background_path, background_name, description, created_time, modified_time, modified_by) VALUES (null,85,122,@menu_groups100,'DỊCH VỤ KHÁCH HÀNG',0,1,'','/page/category/detail',CONCAT('{"id":',@categorypage31,',"alias":"chinh-sach-thu-doi"}'),1,'dich-vu-khach-hang',1,1,CONCAT('{"t":3,"oi":',@categorypage31,'}'),'','','',1425296058,1425296058,122);
set @menus495 = LAST_INSERT_ID();
INSERT INTO menus (menu_id, site_id, user_id, menu_group, menu_title, parent_id, menu_linkto, menu_link, menu_basepath, menu_pathparams, menu_order, `alias`, `status`, menu_target, menu_values, background_path, background_name, description, created_time, modified_time, modified_by) VALUES (null,85,122,@menu_groups100,'HƯỚNG DẪN',0,1,'','','',2,'huong-dan',1,1,'{\"t\":1,\"oi\":0}','','','',1425296058,1425296058,122);
set @menus496 = LAST_INSERT_ID();
INSERT INTO menus (menu_id, site_id, user_id, menu_group, menu_title, parent_id, menu_linkto, menu_link, menu_basepath, menu_pathparams, menu_order, `alias`, `status`, menu_target, menu_values, background_path, background_name, description, created_time, modified_time, modified_by) VALUES (null,85,122,@menu_groups100,'VỀ NGỌC LAN DIAMOND',0,1,'','','',3,'ve-ngoc-lan-diamond',1,1,'{\"t\":1,\"oi\":0}','','','',1425296058,1425296058,122);
set @menus497 = LAST_INSERT_ID();
INSERT INTO menus (menu_id, site_id, user_id, menu_group, menu_title, parent_id, menu_linkto, menu_link, menu_basepath, menu_pathparams, menu_order, `alias`, `status`, menu_target, menu_values, background_path, background_name, description, created_time, modified_time, modified_by) VALUES (null,85,122,@menu_groups100,'Chính sách thu đổi',@menus495,1,'','','',1,'chinh-sach-thu-doi',1,1,'{\"t\":1,\"oi\":0}','','','',1425296058,1425296058,122);
set @menus498 = LAST_INSERT_ID();
INSERT INTO menus (menu_id, site_id, user_id, menu_group, menu_title, parent_id, menu_linkto, menu_link, menu_basepath, menu_pathparams, menu_order, `alias`, `status`, menu_target, menu_values, background_path, background_name, description, created_time, modified_time, modified_by) VALUES (null,85,122,@menu_groups100,'Phương thức giao hàng',@menus495,1,'','/page/category/detail',CONCAT('{"id":',@categorypage32,',"alias":"phuong-thuc-giao-hang"}'),2,'phuong-thuc-giao-hang',1,1,CONCAT('{"t":3,"oi":',@categorypage32,'}'),'','','',1425296058,1425296058,122);
set @menus499 = LAST_INSERT_ID();
INSERT INTO menus (menu_id, site_id, user_id, menu_group, menu_title, parent_id, menu_linkto, menu_link, menu_basepath, menu_pathparams, menu_order, `alias`, `status`, menu_target, menu_values, background_path, background_name, description, created_time, modified_time, modified_by) VALUES (null,85,122,@menu_groups100,'Phương thức thanh toán',@menus495,1,'','/page/category/detail',CONCAT('{"id":',@categorypage33,',"alias":"phuong-thuc-thanh-toan"}'),3,'phuong-thuc-thanh-toan',1,1,CONCAT('{"t":3,"oi":',@categorypage33,'}'),'','','',1425296058,1425296058,122);
set @menus500 = LAST_INSERT_ID();
INSERT INTO menus (menu_id, site_id, user_id, menu_group, menu_title, parent_id, menu_linkto, menu_link, menu_basepath, menu_pathparams, menu_order, `alias`, `status`, menu_target, menu_values, background_path, background_name, description, created_time, modified_time, modified_by) VALUES (null,85,122,@menu_groups100,'Cẩm nang kim cương',@menus496,1,'','','',1,'cam-nang-kim-cuong',1,1,'{\"t\":1,\"oi\":0}','','','',1425296058,1425296058,122);
set @menus501 = LAST_INSERT_ID();
INSERT INTO menus (menu_id, site_id, user_id, menu_group, menu_title, parent_id, menu_linkto, menu_link, menu_basepath, menu_pathparams, menu_order, `alias`, `status`, menu_target, menu_values, background_path, background_name, description, created_time, modified_time, modified_by) VALUES (null,85,122,@menu_groups100,'Cẩm nang trang sức',@menus496,1,'','','',2,'cam-nang-trang-suc',1,1,'{\"t\":1,\"oi\":0}','','','',1425296058,1425296058,122);
set @menus502 = LAST_INSERT_ID();
INSERT INTO menus (menu_id, site_id, user_id, menu_group, menu_title, parent_id, menu_linkto, menu_link, menu_basepath, menu_pathparams, menu_order, `alias`, `status`, menu_target, menu_values, background_path, background_name, description, created_time, modified_time, modified_by) VALUES (null,85,122,@menu_groups100,'Giới thiệu',@menus497,1,'','/site/site/introduce','[]',1,'gioi-thieu',1,1,'{\"t\":1,\"oi\":3}','','','',1425296058,1425296058,122);
set @menus503 = LAST_INSERT_ID();
INSERT INTO menus (menu_id, site_id, user_id, menu_group, menu_title, parent_id, menu_linkto, menu_link, menu_basepath, menu_pathparams, menu_order, `alias`, `status`, menu_target, menu_values, background_path, background_name, description, created_time, modified_time, modified_by) VALUES (null,85,122,@menu_groups100,'Liên hệ',@menus497,1,'','/site/site/contact','[]',2,'lien-he',1,1,'{\"t\":1,\"oi\":2}','','','',1425296058,1425296058,122);
set @menus504 = LAST_INSERT_ID();
INSERT INTO menus (menu_id, site_id, user_id, menu_group, menu_title, parent_id, menu_linkto, menu_link, menu_basepath, menu_pathparams, menu_order, `alias`, `status`, menu_target, menu_values, background_path, background_name, description, created_time, modified_time, modified_by) VALUES (null,85,122,@menu_groups63,'Nhẫn kim cương nữ',@menus248,1,'','','',1,'nhan-kim-cuong-nu',1,1,'{\"t\":1,\"oi\":0}','','','',1425296058,1425296058,122);
set @menus505 = LAST_INSERT_ID();
INSERT INTO menus (menu_id, site_id, user_id, menu_group, menu_title, parent_id, menu_linkto, menu_link, menu_basepath, menu_pathparams, menu_order, `alias`, `status`, menu_target, menu_values, background_path, background_name, description, created_time, modified_time, modified_by) VALUES (null,85,122,@menu_groups63,'Nhẫn kim cương nam',@menus248,1,'','','',2,'nhan-kim-cuong-nam',1,1,'{\"t\":1,\"oi\":0}','','','',1425296058,1425296058,122);
set @menus506 = LAST_INSERT_ID();
INSERT INTO menus (menu_id, site_id, user_id, menu_group, menu_title, parent_id, menu_linkto, menu_link, menu_basepath, menu_pathparams, menu_order, `alias`, `status`, menu_target, menu_values, background_path, background_name, description, created_time, modified_time, modified_by) VALUES (null,85,122,@menu_groups63,'Nhẫn cưới',0,1,'','/economy/product/category',CONCAT('{"id":',@product_categories71,',"alias":"nhan-cuoi"}'),3,'nhan-cuoi',1,1,CONCAT('{"t":4,"ot":6,"oi":',@product_categories71,'}'),'','','',1425296058,1425296058,122);
set @menus507 = LAST_INSERT_ID();
INSERT INTO menus (menu_id, site_id, user_id, menu_group, menu_title, parent_id, menu_linkto, menu_link, menu_basepath, menu_pathparams, menu_order, `alias`, `status`, menu_target, menu_values, background_path, background_name, description, created_time, modified_time, modified_by) VALUES (null,85,122,@menu_groups63,'Hoa tai',0,1,'','/economy/product/category',CONCAT('{"id":',@product_categories81,',"alias":"hoa-tai"}'),4,'hoa-tai',1,1,CONCAT('{"t":4,"ot":6,"oi":',@product_categories81,'}'),'','','',1425296058,1425296058,122);
set @menus508 = LAST_INSERT_ID();
INSERT INTO menus (menu_id, site_id, user_id, menu_group, menu_title, parent_id, menu_linkto, menu_link, menu_basepath, menu_pathparams, menu_order, `alias`, `status`, menu_target, menu_values, background_path, background_name, description, created_time, modified_time, modified_by) VALUES (null,85,122,@menu_groups63,'Vòng tay',0,1,'','/economy/product/category',CONCAT('{"id":',@product_categories91,',"alias":"vong-tay"}'),5,'vong-tay',1,1,CONCAT('{"t":4,"ot":6,"oi":',@product_categories91,'}'),'','','',1425296058,1425296058,122);
set @menus509 = LAST_INSERT_ID();
INSERT INTO menus (menu_id, site_id, user_id, menu_group, menu_title, parent_id, menu_linkto, menu_link, menu_basepath, menu_pathparams, menu_order, `alias`, `status`, menu_target, menu_values, background_path, background_name, description, created_time, modified_time, modified_by) VALUES (null,85,122,@menu_groups63,'Lắc tay',0,1,'','/economy/product/category',CONCAT('{"id":',@product_categories6,',"alias":"lac-tay-kim-cuong"}'),5,'lac-tay',1,1,CONCAT('{"t":4,"ot":6,"oi":',@product_categories6,'}'),'','','',1425296058,1425296058,122);
set @menus510 = LAST_INSERT_ID();
INSERT INTO menus (menu_id, site_id, user_id, menu_group, menu_title, parent_id, menu_linkto, menu_link, menu_basepath, menu_pathparams, menu_order, `alias`, `status`, menu_target, menu_values, background_path, background_name, description, created_time, modified_time, modified_by) VALUES (null,85,122,@menu_groups63,'Kim cương bộ',0,1,'','/economy/product/category',CONCAT('{"id":',@product_categories11,',"alias":"kim-cuong-bo"}'),6,'kim-cuong-bo',1,1,CONCAT('{"t":4,"ot":6,"oi":',@product_categories11,'}'),'','','',1425296058,1425296058,122);
set @menus511 = LAST_INSERT_ID();
INSERT INTO menus (menu_id, site_id, user_id, menu_group, menu_title, parent_id, menu_linkto, menu_link, menu_basepath, menu_pathparams, menu_order, `alias`, `status`, menu_target, menu_values, background_path, background_name, description, created_time, modified_time, modified_by) VALUES (null,85,122,@menu_groups63,'Dây chuyền & Mặt',0,1,'','/economy/product/category',CONCAT('{"id":',@product_categories12,',"alias":"day-chuyen--mat"}'),7,'day-chuyen--mat',1,1,CONCAT('{"t":4,"ot":6,"oi":',@product_categories12,'}'),'','','',1425296058,1425296058,122);
set @menus512 = LAST_INSERT_ID();


INSERT INTO menus_admin (menu_id, site_id, user_id, menu_title, parent_id, menu_linkto, menu_link, menu_basepath, menu_pathparams, menu_order, `alias`, `status`, menu_target, menu_values, iconclass, created_time, modified_time, modified_by) VALUES (null,85,122,'Nội Dung',0,1,'','','',1,'noi-dung',1,1,'{\"t\":1,\"oi\":0}','icon-file-text-alt',1425296058,1425296058,122);
set @menus_admin145 = LAST_INSERT_ID();
INSERT INTO menus_admin (menu_id, site_id, user_id, menu_title, parent_id, menu_linkto, menu_link, menu_basepath, menu_pathparams, menu_order, `alias`, `status`, menu_target, menu_values, iconclass, created_time, modified_time, modified_by) VALUES (null,85,122,'Quản Lý Tin Tức',@menus_admin145,1,'','content/news','[]',1,'quan-ly-tin-tuc',1,1,'{\"t\":5,\"oi\":\"news.index\"}','icon-double-angle-right',1425296058,1425296058,122);
set @menus_admin146 = LAST_INSERT_ID();
INSERT INTO menus_admin (menu_id, site_id, user_id, menu_title, parent_id, menu_linkto, menu_link, menu_basepath, menu_pathparams, menu_order, `alias`, `status`, menu_target, menu_values, iconclass, created_time, modified_time, modified_by) VALUES (null,85,122,'Danh Mục Tin Tức',@menus_admin145,1,'','content/newscategory','[]',2,'danh-muc-tin-tuc',1,1,'{\"t\":5,\"oi\":\"newscategory.index\"}','icon-double-angle-right',1425296058,1425296058,122);
set @menus_admin147 = LAST_INSERT_ID();
INSERT INTO menus_admin (menu_id, site_id, user_id, menu_title, parent_id, menu_linkto, menu_link, menu_basepath, menu_pathparams, menu_order, `alias`, `status`, menu_target, menu_values, iconclass, created_time, modified_time, modified_by) VALUES (null,85,122,'Quản Lý Trang Nội Dung',@menus_admin145,1,'','content/categorypage','[]',3,'quan-ly-trang-noi-dung',1,1,'{\"t\":5,\"oi\":\"categorypage.index\"}','icon-double-angle-right',1425296058,1425296058,122);
set @menus_admin148 = LAST_INSERT_ID();
INSERT INTO menus_admin (menu_id, site_id, user_id, menu_title, parent_id, menu_linkto, menu_link, menu_basepath, menu_pathparams, menu_order, `alias`, `status`, menu_target, menu_values, iconclass, created_time, modified_time, modified_by) VALUES (null,85,122,'Banners',0,1,'','','',2,'banners',1,1,'{\"t\":1,\"oi\":0}','icon-building',1425296058,1425296058,122);
set @menus_admin149 = LAST_INSERT_ID();
INSERT INTO menus_admin (menu_id, site_id, user_id, menu_title, parent_id, menu_linkto, menu_link, menu_basepath, menu_pathparams, menu_order, `alias`, `status`, menu_target, menu_values, iconclass, created_time, modified_time, modified_by) VALUES (null,85,122,'Quản Lý Banner',@menus_admin149,1,'','banner/banner/index','[]',1,'quan-ly-banner',1,1,'{\"t\":5,\"oi\":\"banner.index\"}','icon-double-angle-right',1425296058,1425296058,122);
set @menus_admin150 = LAST_INSERT_ID();
INSERT INTO menus_admin (menu_id, site_id, user_id, menu_title, parent_id, menu_linkto, menu_link, menu_basepath, menu_pathparams, menu_order, `alias`, `status`, menu_target, menu_values, iconclass, created_time, modified_time, modified_by) VALUES (null,85,122,'Quản Lý Nhóm Banner',@menus_admin149,1,'','banner/bannergroup/index','[]',2,'quan-ly-nhom-banner',1,1,'{\"t\":5,\"oi\":\"bannergroup.index\"}','icon-double-angle-right',1425296058,1425296058,122);
set @menus_admin151 = LAST_INSERT_ID();
INSERT INTO menus_admin (menu_id, site_id, user_id, menu_title, parent_id, menu_linkto, menu_link, menu_basepath, menu_pathparams, menu_order, `alias`, `status`, menu_target, menu_values, iconclass, created_time, modified_time, modified_by) VALUES (null,85,122,'Giao diện',0,1,'','','',5,'giao-dien',1,1,'{\"t\":1,\"oi\":0}','icon-desktop',1425296058,1425296058,122);
set @menus_admin152 = LAST_INSERT_ID();
INSERT INTO menus_admin (menu_id, site_id, user_id, menu_title, parent_id, menu_linkto, menu_link, menu_basepath, menu_pathparams, menu_order, `alias`, `status`, menu_target, menu_values, iconclass, created_time, modified_time, modified_by) VALUES (null,85,122,'Quản lý menu',@menus_admin152,1,'','interface/menugroup','[]',1,'quan-ly-menu',1,1,'{\"t\":5,\"oi\":\"menugroup.index\"}','icon-double-angle-right',1425296058,1425296058,122);
set @menus_admin153 = LAST_INSERT_ID();
INSERT INTO menus_admin (menu_id, site_id, user_id, menu_title, parent_id, menu_linkto, menu_link, menu_basepath, menu_pathparams, menu_order, `alias`, `status`, menu_target, menu_values, iconclass, created_time, modified_time, modified_by) VALUES (null,85,122,'Quản lý chân trang',@menus_admin152,1,'','interface/sitesettings/footersetting','[]',2,'quan-ly-chan-trang',1,1,'{\"t\":5,\"oi\":\"sitesettings.footersetting\"}','icon-double-angle-right',1425296058,1425296058,122);
set @menus_admin154 = LAST_INSERT_ID();
INSERT INTO menus_admin (menu_id, site_id, user_id, menu_title, parent_id, menu_linkto, menu_link, menu_basepath, menu_pathparams, menu_order, `alias`, `status`, menu_target, menu_values, iconclass, created_time, modified_time, modified_by) VALUES (null,85,122,'Quản lý tên miền',0,1,'','setting/setting/domainsetting','[]',2,'quan-ly-ten-mien',1,1,'{\"t\":5,\"oi\":\"setting.domainsetting\"}','icon-double-angle-right',1425296058,1425296058,122);
set @menus_admin512 = LAST_INSERT_ID();
INSERT INTO menus_admin (menu_id, site_id, user_id, menu_title, parent_id, menu_linkto, menu_link, menu_basepath, menu_pathparams, menu_order, `alias`, `status`, menu_target, menu_values, iconclass, created_time, modified_time, modified_by) VALUES (null,85,122,'Khách hàng liên hệ',0,1,'','custom/customform/statistic','[]',5,'khach-hang-lien-he',1,1,'{\"t\":5,\"oi\":\"customform.statistic\"}','icon-group',1425296058,1425296058,122);
set @menus_admin513 = LAST_INSERT_ID();
INSERT INTO menus_admin (menu_id, site_id, user_id, menu_title, parent_id, menu_linkto, menu_link, menu_basepath, menu_pathparams, menu_order, `alias`, `status`, menu_target, menu_values, iconclass, created_time, modified_time, modified_by) VALUES (null,85,122,'Tuyển dụng',0,1,'','work/jobs','[]',5,'tuyen-dung',0,1,'{\"t\":5,\"oi\":\"jobs.index\"}','icon-user',1425296058,1425296058,122);
set @menus_admin514 = LAST_INSERT_ID();
INSERT INTO menus_admin (menu_id, site_id, user_id, menu_title, parent_id, menu_linkto, menu_link, menu_basepath, menu_pathparams, menu_order, `alias`, `status`, menu_target, menu_values, iconclass, created_time, modified_time, modified_by) VALUES (null,85,122,'Quản lý video',0,1,'','media/video','[]',4,'quan-ly-video',1,1,'{\"t\":5,\"oi\":\"video.index\"}','icon-video-camera ',1425296058,1425296058,122);
set @menus_admin515 = LAST_INSERT_ID();
INSERT INTO menus_admin (menu_id, site_id, user_id, menu_title, parent_id, menu_linkto, menu_link, menu_basepath, menu_pathparams, menu_order, `alias`, `status`, menu_target, menu_values, iconclass, created_time, modified_time, modified_by) VALUES (null,85,122,'Thư viện ảnh',0,1,'','media/album','[]',4,'thu-vien-anh',1,1,'{\"t\":5,\"oi\":\"album.index\"}','icon-picture',1425296058,1425296058,122);
set @menus_admin505 = LAST_INSERT_ID();
INSERT INTO menus_admin (menu_id, site_id, user_id, menu_title, parent_id, menu_linkto, menu_link, menu_basepath, menu_pathparams, menu_order, `alias`, `status`, menu_target, menu_values, iconclass, created_time, modified_time, modified_by) VALUES (null,85,122,'Quản lý menu',0,1,'','interface/menugroup','[]',3,'quan-ly-menu',0,1,'{\"t\":5,\"oi\":\"menugroup.index\"}','icon-list-ul',1425296058,1425296058,122);
set @menus_admin507 = LAST_INSERT_ID();
INSERT INTO menus_admin (menu_id, site_id, user_id, menu_title, parent_id, menu_linkto, menu_link, menu_basepath, menu_pathparams, menu_order, `alias`, `status`, menu_target, menu_values, iconclass, created_time, modified_time, modified_by) VALUES (null,85,122,'Thông tin liên hệ',0,1,'','interface/sitesettings/contact','[]',3,'thong-tin-lien-he',1,1,'{\"t\":5,\"oi\":\"sitesettings.contact\"}','icon-at',1425296058,1425296058,122);
set @menus_admin509 = LAST_INSERT_ID();
INSERT INTO menus_admin (menu_id, site_id, user_id, menu_title, parent_id, menu_linkto, menu_link, menu_basepath, menu_pathparams, menu_order, `alias`, `status`, menu_target, menu_values, iconclass, created_time, modified_time, modified_by) VALUES (null,85,122,'Thông tin website',0,1,'','','',6,'thong-tin-website',1,1,'{\"t\":1,\"oi\":0}','icon-cogs',1425296058,1425296058,122);
set @menus_admin510 = LAST_INSERT_ID();
INSERT INTO menus_admin (menu_id, site_id, user_id, menu_title, parent_id, menu_linkto, menu_link, menu_basepath, menu_pathparams, menu_order, `alias`, `status`, menu_target, menu_values, iconclass, created_time, modified_time, modified_by) VALUES (null,85,122,'Cấu hình website',@menus_admin510,1,'','setting/setting/index','[]',1,'cau-hinh-website',1,1,'{\"t\":5,\"oi\":\"setting.index\"}','icon-double-angle-right',1425296058,1425296058,122);
set @menus_admin511 = LAST_INSERT_ID();
INSERT INTO menus_admin (menu_id, site_id, user_id, menu_title, parent_id, menu_linkto, menu_link, menu_basepath, menu_pathparams, menu_order, `alias`, `status`, menu_target, menu_values, iconclass, created_time, modified_time, modified_by) VALUES (null,85,122,'Sản phẩm',0,1,'','economy/product','[]',0,'san-pham',1,1,'{\"t\":5,\"oi\":\"product.index\"}','icon-file-powerpoint-o',1425296058,1425296058,122);
set @menus_admin517 = LAST_INSERT_ID();
INSERT INTO menus_admin (menu_id, site_id, user_id, menu_title, parent_id, menu_linkto, menu_link, menu_basepath, menu_pathparams, menu_order, `alias`, `status`, menu_target, menu_values, iconclass, created_time, modified_time, modified_by) VALUES (null,85,122,'Quản lý sản phẩm',@menus_admin517,1,'','economy/product','[]',1,'quan-ly-san-pham',1,1,'{\"t\":5,\"oi\":\"product.index\"}','',1425296058,1425296058,122);
set @menus_admin518 = LAST_INSERT_ID();
INSERT INTO menus_admin (menu_id, site_id, user_id, menu_title, parent_id, menu_linkto, menu_link, menu_basepath, menu_pathparams, menu_order, `alias`, `status`, menu_target, menu_values, iconclass, created_time, modified_time, modified_by) VALUES (null,85,122,'Dan mục sản phẩm',@menus_admin517,1,'','economy/productcategory','[]',2,'dan-muc-san-pham',1,1,'{\"t\":5,\"oi\":\"productcategory.index\"}','',1425296058,1425296058,122);
set @menus_admin519 = LAST_INSERT_ID();
INSERT INTO menus_admin (menu_id, site_id, user_id, menu_title, parent_id, menu_linkto, menu_link, menu_basepath, menu_pathparams, menu_order, `alias`, `status`, menu_target, menu_values, iconclass, created_time, modified_time, modified_by) VALUES (null,85,122,'Thuộc tính sản phẩm',@menus_admin517,1,'','economy/productAttribute','[]',3,'thuoc-tinh-san-pham',1,1,'{\"t\":5,\"oi\":\"productAttribute.index\"}','',1425296058,1425296058,122);
set @menus_admin520 = LAST_INSERT_ID();
INSERT INTO menus_admin (menu_id, site_id, user_id, menu_title, parent_id, menu_linkto, menu_link, menu_basepath, menu_pathparams, menu_order, `alias`, `status`, menu_target, menu_values, iconclass, created_time, modified_time, modified_by) VALUES (null,85,122,'Nhóm thuộc tính',@menus_admin517,1,'','economy/productAttributeSet','[]',4,'nhom-thuoc-tinh',1,1,'{\"t\":5,\"oi\":\"productAttributeSet.index\"}','',1425296058,1425296058,122);
set @menus_admin521 = LAST_INSERT_ID();
INSERT INTO menus_admin (menu_id, site_id, user_id, menu_title, parent_id, menu_linkto, menu_link, menu_basepath, menu_pathparams, menu_order, `alias`, `status`, menu_target, menu_values, iconclass, created_time, modified_time, modified_by) VALUES (null,85,122,'Nhóm sản phẩm',@menus_admin517,1,'','economy/productgroups','[]',5,'nhom-san-pham',1,1,'{\"t\":5,\"oi\":\"productgroups.index\"}','',1425296058,1425296058,122);
set @menus_admin522 = LAST_INSERT_ID();
INSERT INTO menus_admin (menu_id, site_id, user_id, menu_title, parent_id, menu_linkto, menu_link, menu_basepath, menu_pathparams, menu_order, `alias`, `status`, menu_target, menu_values, iconclass, created_time, modified_time, modified_by) VALUES (null,85,122,'Giới thiệu doanh nghiệp',@menus_admin510,1,'','setting/setting/introduce','[]',0,'gioi-thieu-doanh-nghiep',1,1,'{\"t\":5,\"oi\":\"setting.introduce\"}','',1425296058,1425296058,122);
set @menus_admin523 = LAST_INSERT_ID();
INSERT INTO menus_admin (menu_id, site_id, user_id, menu_title, parent_id, menu_linkto, menu_link, menu_basepath, menu_pathparams, menu_order, `alias`, `status`, menu_target, menu_values, iconclass, created_time, modified_time, modified_by) VALUES (null,85,122,'Bản đồ đường đi',@menus_admin510,1,'','setting/map','[]',0,'ban-do-duong-di',1,1,'{\"t\":5,\"oi\":\"setting.map\"}','',1425296058,1425296058,122);
set @menus_admin524 = LAST_INSERT_ID();


INSERT INTO forms (form_id, form_code, form_name, form_description, site_id, `status`, created_time, modified_time, user_id) VALUES (null,'fo_14141346785449fb96a7ebe','Form liên hệ','form liên hệ',85,1,1425296058,1425296058,122);
set @forms10 = LAST_INSERT_ID();

INSERT INTO form_fields (field_id, form_id, field_key, field_label, field_type, field_options, field_required, `order`, site_id, user_id, `status`) VALUES 
(null,@forms10, 'c21','Tên','text','{\"size\":\"large\"}',1,1,85,122,1),
(null,@forms10, 'c102','Email','email','{\"size\":\"large\"}',1,2,85,122,1),
(null,@forms10, 'c143','Số điện thoại','text','{\"size\":\"large\"}',1,3,85,122,1),
(null,@forms10, 'c184','Chủ đề','text','{\"size\":\"large\"}',1,4,85,122,1),
(null,@forms10, 'c225','Nội dung','paragraph','{\"size\":\"large\"}',1,5,85,122,1),
(null,@forms10, 'c266','Gửi yêu cầu','button','{\"size\":\"large\",\"onclick\":\"\",\"button_type\":\"submitform\"}',0,6,85,122,1);


INSERT INTO page_widgets (page_widget_id, site_id,user_id, widget_title, position, page_key, widget_type, widget_id, created_time, showallpage, worder) VALUES (null,85,122,'Nhóm banner trên đầu',7,'introduce/introduce/',1,'bannergroup',1425296058,0,1);
set @page_widgets335 = LAST_INSERT_ID();
INSERT INTO page_widgets (page_widget_id, site_id,user_id, widget_title, position, page_key, widget_type, widget_id, created_time, showallpage, worder) VALUES (null,85,122,'Danh mục tin tức ở trang chủ',5,'introduce/introduce/',1,'homenewscategorydetail',1425296058,0,1);
set @page_widgets337 = LAST_INSERT_ID();
INSERT INTO page_widgets (page_widget_id, site_id,user_id, widget_title, position, page_key, widget_type, widget_id, created_time, showallpage, worder) VALUES (null,85,122,'Banner Top',7,'introduce/introduce/',1,'bannergroup',1425296058,0,1);
set @page_widgets508 = LAST_INSERT_ID();
INSERT INTO page_widgets (page_widget_id, site_id,user_id, widget_title, position, page_key, widget_type, widget_id, created_time, showallpage, worder) VALUES (null,85,122,'Danh mục tin tức ở trang chủ',5,'introduce/introduce/',1,'homenewscategorydetail',1425296058,0,1);
set @page_widgets509 = LAST_INSERT_ID();
INSERT INTO page_widgets (page_widget_id, site_id,user_id, widget_title, position, page_key, widget_type, widget_id, created_time, showallpage, worder) VALUES (null,85,122,'Tin Tức',5,'news/news/',1,'newsall',1425296058,0,1);
set @page_widgets511 = LAST_INSERT_ID();
INSERT INTO page_widgets (page_widget_id, site_id,user_id, widget_title, position, page_key, widget_type, widget_id, created_time, showallpage, worder) VALUES (null,85,122,'Form liên hệ',5,'site/site/contact',1,'customform',1425296058,0,1);
set @page_widgets512 = LAST_INSERT_ID();
INSERT INTO page_widgets (page_widget_id, site_id,user_id, widget_title, position, page_key, widget_type, widget_id, created_time, showallpage, worder) VALUES (null,85,122,'Tìm kiếm',3,'economy/product/',1,'searchbox',1425296058,1,1);
set @page_widgets515 = LAST_INSERT_ID();
INSERT INTO page_widgets (page_widget_id, site_id,user_id, widget_title, position, page_key, widget_type, widget_id, created_time, showallpage, worder) VALUES (null,85,122,'Giỏ hàng',12,'economy/product/',1,'shoppingcart',1425296058,1,1);
set @page_widgets516 = LAST_INSERT_ID();
INSERT INTO page_widgets (page_widget_id, site_id,user_id, widget_title, position, page_key, widget_type, widget_id, created_time, showallpage, worder) VALUES (null,85,122,'Logo',13,'economy/product/',1,'logobox',1425296058,1,1);
set @page_widgets517 = LAST_INSERT_ID();
INSERT INTO page_widgets (page_widget_id, site_id,user_id, widget_title, position, page_key, widget_type, widget_id, created_time, showallpage, worder) VALUES (null,85,122,'Menu Top',22,'economy/product/',1,'menu',1425296058,1,1);
set @page_widgets518 = LAST_INSERT_ID();
INSERT INTO page_widgets (page_widget_id, site_id,user_id, widget_title, position, page_key, widget_type, widget_id, created_time, showallpage, worder) VALUES (null,85,122,'Menu chính',31,'economy/product/',1,'menu',1425296058,1,1);
set @page_widgets520 = LAST_INSERT_ID();
INSERT INTO page_widgets (page_widget_id, site_id,user_id, widget_title, position, page_key, widget_type, widget_id, created_time, showallpage, worder) VALUES (null,85,122,'Menu footer',14,'economy/product/',1,'menufooter',1425296058,1,1);
set @page_widgets521 = LAST_INSERT_ID();
INSERT INTO page_widgets (page_widget_id, site_id,user_id, widget_title, position, page_key, widget_type, widget_id, created_time, showallpage, worder) VALUES (null,85,122,'ĐĂNG KÍ NHẬN BẢN TIN',15,'economy/product/',1,'newsletter',1425296058,1,1);
set @page_widgets522 = LAST_INSERT_ID();
INSERT INTO page_widgets (page_widget_id, site_id,user_id, widget_title, position, page_key, widget_type, widget_id, created_time, showallpage, worder) VALUES (null,85,122,'Bản đồ cửa hàng',5,'site/site/contact',1,'map',1425296058,0,2);
set @page_widgets523 = LAST_INSERT_ID();
INSERT INTO page_widgets (page_widget_id, site_id,user_id, widget_title, position, page_key, widget_type, widget_id, created_time, showallpage, worder) VALUES (null,85,122,'Chương trình khuyến mãi hiển thị ở trang chủ',5,'economy/product/home',1,'productpromotioninhome',1425296058,0,1);
set @page_widgets525 = LAST_INSERT_ID();
INSERT INTO page_widgets (page_widget_id, site_id,user_id, widget_title, position, page_key, widget_type, widget_id, created_time, showallpage, worder) VALUES (null,85,122,'Sản phẩm mới',5,'economy/product/home',1,'productsetnew',1425296058,0,2);
set @page_widgets526 = LAST_INSERT_ID();
INSERT INTO page_widgets (page_widget_id, site_id,user_id, widget_title, position, page_key, widget_type, widget_id, created_time, showallpage, worder) VALUES (null,85,122,'Sản phẩm bán chạy',5,'economy/product/home',1,'productgroup',1425296058,0,3);
set @page_widgets527 = LAST_INSERT_ID();
INSERT INTO page_widgets (page_widget_id, site_id,user_id, widget_title, position, page_key, widget_type, widget_id, created_time, showallpage, worder) VALUES (null,85,122,'Danh mục sản phẩm hiển thị ở trang chủ',5,'economy/product/home',1,'productcategoryinhome',1425296058,0,5);
set @page_widgets531 = LAST_INSERT_ID();
INSERT INTO page_widgets (page_widget_id, site_id,user_id, widget_title, position, page_key, widget_type, widget_id, created_time, showallpage, worder) VALUES (null,85,122,'Pagesize',42,'economy/product/category',1,'pagesize',1425296058,0,1);
set @page_widgets574 = LAST_INSERT_ID();
INSERT INTO page_widgets (page_widget_id, site_id,user_id, widget_title, position, page_key, widget_type, widget_id, created_time, showallpage, worder) VALUES (null,85,122,'Sort',43,'economy/product/category',1,'productsort',1425296058,0,1);
set @page_widgets575 = LAST_INSERT_ID();
INSERT INTO page_widgets (page_widget_id, site_id,user_id, widget_title, position, page_key, widget_type, widget_id, created_time, showallpage, worder) VALUES (null,85,122,'Price',41,'economy/product/category',1,'productpricerange',1425296058,0,1);
set @page_widgets576 = LAST_INSERT_ID();

INSERT INTO page_widget_config (id, page_widget_id, site_id, user_id, config_data, created_time, modified_time) VALUES (null,@page_widgets335,85,122,CONCAT('{"banner_group_id":',@banner_groups111,',"style":"style1","showallpage":"0","widget_title":"Nhu00f3m banner tru00ean u0111u1ea7u","show_wiget_title":"0"}'),1425296058,1425296058);
INSERT INTO page_widget_config (id, page_widget_id, site_id, user_id, config_data, created_time, modified_time) VALUES (null,@page_widgets337,85,122,'{\"itemslimit\":\"1\",\"limit\":\"3\",\"showallpage\":\"0\",\"widget_title\":\"Danh m\\u1ee5c tin t\\u1ee9c \\u1edf trang ch\\u1ee7\",\"show_wiget_title\":\"0\"}',1425296058,1425296058);
INSERT INTO page_widget_config (id, page_widget_id, site_id, user_id, config_data, created_time, modified_time) VALUES (null,@page_widgets508,85,122,CONCAT('{"banner_group_id":',@banner_groups181,',"style":"style1","showallpage":"0","widget_title":"Banner Top","show_wiget_title":"0"}'),1425296058,1425296058);
INSERT INTO page_widget_config (id, page_widget_id, site_id, user_id, config_data, created_time, modified_time) VALUES (null,@page_widgets509,85,122,'{\"itemslimit\":\"1\",\"limit\":\"6\",\"showallpage\":\"0\",\"widget_title\":\"Danh m\\u1ee5c tin t\\u1ee9c \\u1edf trang ch\\u1ee7\",\"show_wiget_title\":\"0\"}',1425296058,1425296058);
INSERT INTO page_widget_config (id, page_widget_id, site_id, user_id, config_data, created_time, modified_time) VALUES (null,@page_widgets511,85,122,'{\"limit\":\"8\",\"showallpage\":\"0\",\"widget_title\":\"Tin T\\u1ee9c\",\"show_wiget_title\":\"0\"}',1425296058,1425296058);
INSERT INTO page_widget_config (id, page_widget_id, site_id, user_id, config_data, created_time, modified_time) VALUES (null,@page_widgets512,85,122,CONCAT('{"form_id":',@forms10,',"showallpage":"0","widget_title":"Form liên hệ","show_wiget_title":"0"}'),1425296058,1425296058);
INSERT INTO page_widget_config (id, page_widget_id, site_id, user_id, config_data, created_time, modified_time) VALUES (null,@page_widgets515,85,122,'{\"showcat\":\"1\",\"showallpage\":\"1\",\"widget_title\":\"T\\u00ecm ki\\u1ebfm\",\"show_wiget_title\":\"0\"}',1425296058,1425296058);
INSERT INTO page_widget_config (id, page_widget_id, site_id, user_id, config_data, created_time, modified_time) VALUES (null,@page_widgets516,85,122,'{\"showallpage\":\"1\",\"widget_title\":\"Gi\\u1ecf h\\u00e0ng\",\"show_wiget_title\":\"0\"}',1425296058,1425296058);
INSERT INTO page_widget_config (id, page_widget_id, site_id, user_id, config_data, created_time, modified_time) VALUES (null,@page_widgets517,85,122,'{\"showallpage\":\"1\",\"widget_title\":\"Logo\",\"show_wiget_title\":\"0\"}',1425296058,1425296058);
INSERT INTO page_widget_config (id, page_widget_id, site_id, user_id, config_data, created_time, modified_time) VALUES (null,@page_widgets518,85,122,CONCAT('{"group_id":',@menu_groups99,',"directfrom":"left","showallpage":"1","widget_title":"Menu Top","show_wiget_title":"0"}'),1425296058,1425296058);
INSERT INTO page_widget_config (id, page_widget_id, site_id, user_id, config_data, created_time, modified_time) VALUES (null,@page_widgets520,85,122,CONCAT('{"group_id":',@menu_groups63,',"directfrom":"left","showallpage":"1","widget_title":"Menu chính","show_wiget_title":"0"}'),1425296058,1425296058);
INSERT INTO page_widget_config (id, page_widget_id, site_id, user_id, config_data, created_time, modified_time) VALUES (null,@page_widgets521,85,122,CONCAT('{"group_id":',@menu_groups100,',"rows":"10","cols":"3","showallpage":"1","widget_title":"Menu footer","show_wiget_title":"0"}'),1425296058,1425296058);
INSERT INTO page_widget_config (id, page_widget_id, site_id, user_id, config_data, created_time, modified_time) VALUES (null,@page_widgets522,85,122,'{\"helptext\":\"Vui l\\u00f2ng \\u0111i\\u1ec1n v\\u00e0o form \\u0111\\u0103ng k\\u00ed \\u0111\\u1ec3 nh\\u1eadn th\\u00f4ng tin khuy\\u1ebfn m\\u1ea1i t\\u1eeb ch\\u00fang t\\u00f4i. Xin ch\\u00e2n th\\u00e0nh c\\u1ea3m \\u01a1n!\",\"showallpage\":\"1\",\"widget_title\":\"\\u0110\\u0102NG K\\u00cd NH\\u1eacN B\\u1ea2N TIN\",\"show_wiget_title\":\"1\"}',1425296058,1425296058);
INSERT INTO page_widget_config (id, page_widget_id, site_id, user_id, config_data, created_time, modified_time) VALUES (null,@page_widgets523,85,122,'{\"limit\":\"3\",\"showallpage\":\"0\",\"widget_title\":\"B\\u1ea3n \\u0111\\u1ed3 c\\u1eeda h\\u00e0ng\",\"show_wiget_title\":\"1\"}',1425296058,1425296058);
INSERT INTO page_widget_config (id, page_widget_id, site_id, user_id, config_data, created_time, modified_time) VALUES (null,@page_widgets525,85,122,'{\"itemslimit\":\"8\",\"limit\":\"1\",\"showallpage\":\"0\",\"widget_title\":\"Ch\\u01b0\\u01a1ng tr\\u00ecnh khuy\\u1ebfn m\\u00e3i hi\\u1ec3n th\\u1ecb \\u1edf trang ch\\u1ee7\",\"show_wiget_title\":\"0\"}',1425296058,1425296058);
INSERT INTO page_widget_config (id, page_widget_id, site_id, user_id, config_data, created_time, modified_time) VALUES (null,@page_widgets526,85,122,'{\"limit\":\"4\",\"showallpage\":\"0\",\"widget_title\":\"S\\u1ea3n ph\\u1ea9m m\\u1edbi\",\"show_wiget_title\":\"1\"}',1425296058,1425296058);
INSERT INTO page_widget_config (id, page_widget_id, site_id, user_id, config_data, created_time, modified_time) VALUES (null,@page_widgets527,85,122,CONCAT('{"limit":"4","group_id":',@product_groups4,',"showallpage":"0","widget_title":"Sản phẩm bán chạy","show_wiget_title":"1"}'),1425296058,1425296058);
INSERT INTO page_widget_config (id, page_widget_id, site_id, user_id, config_data, created_time, modified_time) VALUES (null,@page_widgets531,85,122,'{\"itemslimit\":\"4\",\"limit\":\"2\",\"showallpage\":\"0\",\"widget_title\":\"Danh m\\u1ee5c s\\u1ea3n ph\\u1ea9m hi\\u1ec3n th\\u1ecb \\u1edf trang ch\\u1ee7\",\"show_wiget_title\":\"0\"}',1425296058,1425296058);
INSERT INTO page_widget_config (id, page_widget_id, site_id, user_id, config_data, created_time, modified_time) VALUES (null,@page_widgets574,85,122,'{\"summaryText\":\"Hi\\u1ec3n th\\u1ecb\",\"afterText\":\"S\\u1ea3n ph\\u1ea9m\\/Trang\",\"pageSize\":\"10\",\"showallpage\":\"0\",\"widget_title\":\"Pagesize\",\"show_wiget_title\":\"0\"}',1425296058,1425296058);
INSERT INTO page_widget_config (id, page_widget_id, site_id, user_id, config_data, created_time, modified_time) VALUES (null,@page_widgets575,85,122,'{\"summaryText\":\"S\\u1eafp x\\u1ebfp theo\",\"afterText\":\"\",\"selectedDefault\":\"\",\"showallpage\":\"0\",\"widget_title\":\"Sort\",\"show_wiget_title\":\"0\"}',1425296058,1425296058);
INSERT INTO page_widget_config (id, page_widget_id, site_id, user_id, config_data, created_time, modified_time) VALUES (null,@page_widgets576,85,122,'{\"summaryText\":\"Gi\\u00e1:\",\"range\":[{\"priceFrom\":\"\",\"priceTo\":\"10000000\",\"priceText\":\"D\\u01b0\\u1edbi 10 Tri\\u1ec7u\"},{\"priceFrom\":\"10000000\",\"priceTo\":\"20000000\",\"priceText\":\"10 - 20 Tri\\u1ec7u\"},{\"priceFrom\":\"20000000\",\"priceTo\":\"40000000\",\"priceText\":\"20 - 40 Tri\\u1ec7u\"},{\"priceFrom\":\"40000000\",\"priceTo\":\"60000000\",\"priceText\":\"40 - 60 Tri\\u1ec7u\"},{\"priceFrom\":\"60000000\",\"priceTo\":\"0\",\"priceText\":\"Tr\\u00ean 60 tri\\u1ec7u\"}],\"showallpage\":\"0\",\"widget_title\":\"Price\",\"show_wiget_title\":\"0\"}',1425296058,1425296058);